-- phpMyAdmin SQL Dump
-- version 4.8.3
-- https://www.phpmyadmin.net/
--
-- Host: 127.0.0.1
-- Generation Time: Feb 16, 2019 at 05:54 AM
-- Server version: 10.1.36-MariaDB
-- PHP Version: 7.2.11

SET SQL_MODE = "NO_AUTO_VALUE_ON_ZERO";
SET AUTOCOMMIT = 0;
START TRANSACTION;
SET time_zone = "+00:00";


/*!40101 SET @OLD_CHARACTER_SET_CLIENT=@@CHARACTER_SET_CLIENT */;
/*!40101 SET @OLD_CHARACTER_SET_RESULTS=@@CHARACTER_SET_RESULTS */;
/*!40101 SET @OLD_COLLATION_CONNECTION=@@COLLATION_CONNECTION */;
/*!40101 SET NAMES utf8mb4 */;

--
-- Database: `napi`
--

-- --------------------------------------------------------

--
-- Table structure for table `migrations`
--

CREATE TABLE `migrations` (
  `id` int(10) UNSIGNED NOT NULL,
  `migration` varchar(191) COLLATE utf8mb4_unicode_ci NOT NULL,
  `batch` int(11) NOT NULL
) ENGINE=InnoDB DEFAULT CHARSET=utf8mb4 COLLATE=utf8mb4_unicode_ci;

--
-- Dumping data for table `migrations`
--

INSERT INTO `migrations` (`id`, `migration`, `batch`) VALUES
(1, '2014_10_12_000000_create_users_table', 1),
(2, '2014_10_12_100000_create_password_resets_table', 1),
(3, '2019_02_15_193831_create_products_table', 1),
(4, '2019_02_15_193941_create_reviews_table', 1);

-- --------------------------------------------------------

--
-- Table structure for table `password_resets`
--

CREATE TABLE `password_resets` (
  `email` varchar(191) COLLATE utf8mb4_unicode_ci NOT NULL,
  `token` varchar(191) COLLATE utf8mb4_unicode_ci NOT NULL,
  `created_at` timestamp NULL DEFAULT NULL
) ENGINE=InnoDB DEFAULT CHARSET=utf8mb4 COLLATE=utf8mb4_unicode_ci;

-- --------------------------------------------------------

--
-- Table structure for table `products`
--

CREATE TABLE `products` (
  `id` int(10) UNSIGNED NOT NULL,
  `name` varchar(191) COLLATE utf8mb4_unicode_ci NOT NULL,
  `detail` text COLLATE utf8mb4_unicode_ci NOT NULL,
  `price` int(11) NOT NULL,
  `stock` int(11) NOT NULL,
  `discount` int(11) NOT NULL,
  `created_at` timestamp NULL DEFAULT NULL,
  `updated_at` timestamp NULL DEFAULT NULL
) ENGINE=InnoDB DEFAULT CHARSET=utf8mb4 COLLATE=utf8mb4_unicode_ci;

--
-- Dumping data for table `products`
--

INSERT INTO `products` (`id`, `name`, `detail`, `price`, `stock`, `discount`, `created_at`, `updated_at`) VALUES
(1, 'impedit', 'Temporibus cupiditate quam veritatis. Ut eius blanditiis soluta et debitis commodi eveniet. Illum minus quas rerum debitis nostrum quibusdam ad. Molestias consectetur facere facere recusandae libero illum.', 988, 0, 3, '2019-02-15 23:22:31', '2019-02-15 23:22:31'),
(2, 'corporis', 'Aut inventore veniam non provident quis consequuntur alias quisquam. Quo quos non placeat ea minima maiores. Ipsum ea iste voluptatum rem fugiat voluptas molestias.', 841, 6, 27, '2019-02-15 23:22:31', '2019-02-15 23:22:31'),
(3, 'praesentium', 'Repellat veritatis nesciunt a quia aut quod. Sint quam optio sit laborum qui voluptas numquam dolor. Adipisci fugiat recusandae numquam dolores aut. Dolor qui est autem accusantium praesentium.', 462, 5, 13, '2019-02-15 23:22:31', '2019-02-15 23:22:31'),
(4, 'quo', 'Et asperiores facilis enim laborum quos est. Et sint porro ad dolores alias. Ab quia consequatur possimus perspiciatis eos tempore. Minima et blanditiis omnis.', 691, 7, 21, '2019-02-15 23:22:31', '2019-02-15 23:22:31'),
(5, 'sit', 'Cum et qui ea. Eius enim minus est temporibus. Dolor sed quis quaerat ducimus. Eos voluptas amet laborum quos.', 225, 1, 27, '2019-02-15 23:22:32', '2019-02-15 23:22:32'),
(6, 'quis', 'Porro ratione excepturi incidunt quas. Ut numquam illum vel repellat cum et quia. Dolor velit similique omnis consequatur omnis veritatis consectetur a.', 573, 4, 14, '2019-02-15 23:22:32', '2019-02-15 23:22:32'),
(7, 'tenetur', 'Id odit eius in dolorem ut similique. Distinctio repudiandae ab nobis veniam cum magnam voluptatem. Officiis et quas accusantium corporis. Qui repellendus ut corporis velit.', 192, 2, 20, '2019-02-15 23:22:32', '2019-02-15 23:22:32'),
(8, 'dolore', 'Repudiandae officia iure ut illum aut aut. Architecto pariatur voluptatem magni cumque quasi expedita quo. Rerum quod aut omnis amet cumque doloribus ut.', 287, 0, 22, '2019-02-15 23:22:32', '2019-02-15 23:22:32'),
(9, 'enim', 'Voluptatem qui quidem consectetur libero. Iste rem eveniet sunt corporis. Rerum possimus nesciunt reiciendis nam suscipit labore quis. Dignissimos nisi excepturi ut adipisci repellendus.', 692, 1, 11, '2019-02-15 23:22:32', '2019-02-15 23:22:32'),
(10, 'ut', 'In sed voluptas libero voluptatibus quia. At qui officiis laborum ut cupiditate culpa. Velit debitis aspernatur sed blanditiis et.', 356, 2, 2, '2019-02-15 23:22:32', '2019-02-15 23:22:32'),
(11, 'ut', 'Voluptate in molestias vel reprehenderit rerum. Rerum fuga a magni ut qui et. Non eum ad voluptatibus dolorum libero quia asperiores sunt.', 578, 2, 14, '2019-02-15 23:22:32', '2019-02-15 23:22:32'),
(12, 'quo', 'Molestias autem ab et sequi cumque quo praesentium. Consequuntur sed modi sit odit non.', 388, 1, 2, '2019-02-15 23:22:32', '2019-02-15 23:22:32'),
(13, 'ut', 'Aut veniam rerum illum quia expedita minima natus. Ut sunt qui rem voluptatum nesciunt. Dolor similique veritatis in commodi. Sint explicabo deserunt aut laudantium sint vero eos.', 245, 9, 6, '2019-02-15 23:22:32', '2019-02-15 23:22:32'),
(14, 'animi', 'In sed alias ut maiores explicabo. Natus ut est esse.', 702, 1, 11, '2019-02-15 23:22:32', '2019-02-15 23:22:32'),
(15, 'sunt', 'Odit nihil officia ratione ducimus. Id et voluptas est doloremque facere itaque. Autem natus vel vel doloremque est sint autem.', 616, 7, 21, '2019-02-15 23:22:32', '2019-02-15 23:22:32'),
(16, 'libero', 'Ut in exercitationem quo debitis consequatur omnis nesciunt. Et totam aut nihil dolores a. Vero unde porro temporibus assumenda voluptatem nihil aspernatur eius.', 562, 7, 19, '2019-02-15 23:22:32', '2019-02-15 23:22:32'),
(17, 'esse', 'Qui voluptas est dolor. Doloribus non ut non quia. Omnis odit cupiditate sit qui numquam excepturi velit molestiae. Quo et vero odio consequuntur et consequatur.', 382, 2, 23, '2019-02-15 23:22:32', '2019-02-15 23:22:32'),
(18, 'excepturi', 'Nihil et non vitae fugit consequatur. Officia et inventore ut minus molestias tempora. Praesentium et quia in autem possimus rerum nihil. Ex magni perferendis unde rerum nihil porro exercitationem.', 459, 4, 24, '2019-02-15 23:22:32', '2019-02-15 23:22:32'),
(19, 'aut', 'Error aut sequi voluptatum in et aut aliquam. Est harum perspiciatis omnis eius excepturi. Maiores error magni ullam vero commodi repudiandae. Accusantium eligendi veniam est porro.', 127, 5, 23, '2019-02-15 23:22:32', '2019-02-15 23:22:32'),
(20, 'magnam', 'Consequuntur porro quibusdam et. Quia atque sequi quia ea atque. Ipsum voluptatem nesciunt magnam in consequuntur rerum voluptatibus non.', 809, 4, 7, '2019-02-15 23:22:32', '2019-02-15 23:22:32'),
(21, 'dolor', 'Accusamus dolorem expedita occaecati iusto esse voluptatem. Dolore voluptatem qui asperiores labore velit est. Amet voluptatem et aspernatur nisi fugit incidunt. Voluptatem veniam assumenda accusantium aliquam omnis qui magni.', 817, 5, 15, '2019-02-15 23:22:32', '2019-02-15 23:22:32'),
(22, 'natus', 'Iusto iste officia vitae est voluptatem earum ratione. Numquam ea iusto hic maiores rerum quia enim. Non id a quia qui.', 798, 8, 30, '2019-02-15 23:22:32', '2019-02-15 23:22:32'),
(23, 'quas', 'Reprehenderit dolores quas ducimus harum incidunt beatae. Ut dolore voluptatem rem. Modi quod sit placeat fuga nobis. Quae dolorem soluta ab a architecto fugit qui. Fuga dolor maxime dolore maiores.', 496, 3, 4, '2019-02-15 23:22:32', '2019-02-15 23:22:32'),
(24, 'commodi', 'Consectetur eos autem maxime esse quae. Quia laborum suscipit dolor. Laudantium minus nemo sit esse. Veritatis sed perferendis ipsa animi libero enim.', 423, 0, 22, '2019-02-15 23:22:32', '2019-02-15 23:22:32'),
(25, 'sit', 'Omnis qui nobis neque soluta vero cumque occaecati. Quia ea eum aut odio officia. Nihil illo quod expedita laborum corrupti ut.', 219, 8, 24, '2019-02-15 23:22:32', '2019-02-15 23:22:32'),
(26, 'at', 'Corporis ratione est et voluptatibus unde delectus possimus. Doloremque sit similique amet et voluptas sit consequatur vel. Minima perspiciatis et quam autem et.', 726, 8, 28, '2019-02-15 23:22:32', '2019-02-15 23:22:32'),
(27, 'nulla', 'Possimus fugiat facilis reprehenderit harum. Omnis debitis non sunt doloribus omnis sequi. Id tempora atque aliquam voluptatem earum possimus accusantium. Quos magni pariatur aut nam omnis nisi in.', 151, 6, 5, '2019-02-15 23:22:32', '2019-02-15 23:22:32'),
(28, 'perferendis', 'Rerum illo omnis repellat possimus. Illum rerum eveniet ab est ut ratione. Consectetur numquam eum sit exercitationem. Amet aut debitis odio in.', 332, 5, 24, '2019-02-15 23:22:32', '2019-02-15 23:22:32'),
(29, 'quidem', 'Et culpa labore ullam ea atque quos sit. Eligendi in necessitatibus praesentium deleniti non amet impedit rerum.', 983, 1, 6, '2019-02-15 23:22:32', '2019-02-15 23:22:32'),
(30, 'molestiae', 'Inventore dolores non et. Et voluptas vitae vero voluptatibus necessitatibus excepturi. Et sed est minima sit voluptatem laudantium dolores.', 721, 1, 14, '2019-02-15 23:22:32', '2019-02-15 23:22:32'),
(31, 'odio', 'Voluptatem itaque similique dignissimos porro assumenda omnis. Esse libero quasi cupiditate itaque.', 505, 2, 27, '2019-02-15 23:22:32', '2019-02-15 23:22:32'),
(32, 'esse', 'Omnis quo nihil molestiae eum accusamus. Sint fugit officiis beatae accusantium sit soluta. Numquam reprehenderit quasi qui perferendis.', 658, 0, 23, '2019-02-15 23:22:33', '2019-02-15 23:22:33'),
(33, 'optio', 'Rerum ut mollitia consequatur blanditiis sunt et molestiae. Aliquam accusantium reiciendis explicabo est voluptates eius ipsa. Ex dolorum veniam natus assumenda et aut rerum. Ad quibusdam illo facilis.', 814, 1, 20, '2019-02-15 23:22:33', '2019-02-15 23:22:33'),
(34, 'velit', 'Recusandae quasi ab qui illo rerum quisquam ut. Ratione harum repellendus possimus animi perferendis ut exercitationem. Ad quas dolor non vero.', 807, 3, 13, '2019-02-15 23:22:33', '2019-02-15 23:22:33'),
(35, 'voluptates', 'Dolor non iure deserunt ipsam omnis itaque consectetur. Labore earum debitis illum exercitationem voluptas autem aut et. Nostrum error atque qui ducimus. Rerum modi in quisquam placeat rerum inventore rem.', 655, 9, 3, '2019-02-15 23:22:33', '2019-02-15 23:22:33'),
(36, 'molestiae', 'Dolor quam sit recusandae saepe adipisci. Autem sed id saepe. Facilis nihil suscipit earum. Mollitia iure praesentium enim ex hic.', 651, 0, 20, '2019-02-15 23:22:33', '2019-02-15 23:22:33'),
(37, 'sunt', 'Qui et molestias sapiente earum. Sint mollitia eligendi omnis soluta voluptates eveniet omnis. Atque ut delectus aut harum. Repudiandae atque atque accusamus quisquam id eum laboriosam suscipit.', 402, 1, 13, '2019-02-15 23:22:33', '2019-02-15 23:22:33'),
(38, 'natus', 'Ab at tempora quia quas aut eum provident. Minima enim fugiat est ut perferendis sed dignissimos. Provident ut est facilis deserunt culpa eos aspernatur.', 105, 5, 27, '2019-02-15 23:22:33', '2019-02-15 23:22:33'),
(39, 'quasi', 'Dolorem aut qui est amet facilis molestiae pariatur. Explicabo aut magnam sunt doloribus voluptatem perspiciatis. Adipisci sunt inventore enim in quisquam et rerum.', 574, 3, 19, '2019-02-15 23:22:33', '2019-02-15 23:22:33'),
(40, 'voluptates', 'Nobis aut praesentium et est et voluptatem. Dolor harum labore nobis voluptas tempore reiciendis. Dolores aspernatur sit fugiat reiciendis ut ullam tenetur. Provident possimus exercitationem officiis sit quia mollitia.', 427, 6, 4, '2019-02-15 23:22:33', '2019-02-15 23:22:33'),
(41, 'ex', 'Exercitationem neque harum suscipit quo fugiat dolore. Modi voluptatem provident possimus ut tempora libero ipsum. Eum non minus dolorum aliquam dicta. Animi velit odio itaque sed molestiae qui quia.', 115, 6, 6, '2019-02-15 23:22:33', '2019-02-15 23:22:33'),
(42, 'quis', 'Deserunt id architecto quis. Quidem minus incidunt minus molestias suscipit qui blanditiis. Beatae aut ea est repellat earum perferendis. Dolores consequuntur adipisci aut expedita.', 699, 1, 24, '2019-02-15 23:22:33', '2019-02-15 23:22:33'),
(43, 'aliquam', 'Illum dolorem voluptas ut cum et eveniet dolorum. Unde a neque rem eligendi fugiat eos. Ut ipsa eius velit et numquam id. Aut voluptas enim labore sed qui provident et.', 943, 1, 20, '2019-02-15 23:22:33', '2019-02-15 23:22:33'),
(44, 'voluptas', 'Omnis nemo sit voluptatem non. Est velit sint magnam id sed aut. Ut nam et ab repellendus soluta ipsum magni. Ea atque quaerat eaque reiciendis iste possimus quidem. Molestias occaecati quae mollitia.', 727, 0, 5, '2019-02-15 23:22:33', '2019-02-15 23:22:33'),
(45, 'minus', 'In eveniet adipisci impedit doloremque. Perferendis ratione est aut doloremque sequi provident consequatur ipsa. Iste dignissimos dolor corrupti architecto aperiam. Qui voluptas voluptatum voluptatibus et rerum in enim.', 455, 1, 29, '2019-02-15 23:22:33', '2019-02-15 23:22:33'),
(46, 'sapiente', 'Quas consequuntur laborum odit dolorem. Excepturi voluptatem perferendis delectus. Neque eligendi exercitationem commodi totam suscipit in facilis. Ipsa incidunt ipsam et natus sint.', 397, 8, 3, '2019-02-15 23:22:33', '2019-02-15 23:22:33'),
(47, 'dignissimos', 'Adipisci odio delectus reprehenderit aliquid aut. Velit aut vel et voluptas magnam perspiciatis consequatur.', 894, 8, 11, '2019-02-15 23:22:33', '2019-02-15 23:22:33'),
(48, 'dolor', 'Itaque aspernatur quia officiis voluptas quod facilis sit. Voluptatibus voluptatum sed recusandae ut ex quo. Aliquid consequatur eos saepe dolor quia qui voluptatem. Ut sit debitis quia id. Sed vel explicabo sunt quia molestiae tempore.', 129, 6, 28, '2019-02-15 23:22:33', '2019-02-15 23:22:33'),
(49, 'velit', 'Pariatur mollitia impedit aut molestias. Qui nostrum atque eaque officia quo. Architecto vero sed at aut omnis. Qui eos eaque sed ullam vel.', 896, 6, 19, '2019-02-15 23:22:33', '2019-02-15 23:22:33'),
(50, 'et', 'Ipsum sed recusandae labore enim officia vel natus. Est sequi omnis ut et quo. Porro ut repellat modi numquam a ipsum voluptas. Vel voluptas dolorem explicabo illo molestiae.', 377, 6, 2, '2019-02-15 23:22:33', '2019-02-15 23:22:33');

-- --------------------------------------------------------

--
-- Table structure for table `reviews`
--

CREATE TABLE `reviews` (
  `id` int(10) UNSIGNED NOT NULL,
  `product_id` int(10) UNSIGNED NOT NULL,
  `customer` varchar(191) COLLATE utf8mb4_unicode_ci NOT NULL,
  `review` text COLLATE utf8mb4_unicode_ci NOT NULL,
  `star` int(11) NOT NULL,
  `created_at` timestamp NULL DEFAULT NULL,
  `updated_at` timestamp NULL DEFAULT NULL
) ENGINE=InnoDB DEFAULT CHARSET=utf8mb4 COLLATE=utf8mb4_unicode_ci;

--
-- Dumping data for table `reviews`
--

INSERT INTO `reviews` (`id`, `product_id`, `customer`, `review`, `star`, `created_at`, `updated_at`) VALUES
(1, 5, 'Franz Baumbach', 'Ipsum quas doloribus totam aperiam eos. Ipsa a reprehenderit quam odio perferendis in corrupti. Non odio ea qui reprehenderit. Maiores est minus recusandae.', 1, '2019-02-15 23:22:34', '2019-02-15 23:22:34'),
(2, 35, 'Dr. Tad Powlowski', 'Qui illum eos eius harum dicta repellat voluptatem. Maxime consequatur eum quisquam tenetur. Dignissimos aut voluptas nemo ratione. Et ipsa neque accusamus ducimus et sed aut.', 4, '2019-02-15 23:22:34', '2019-02-15 23:22:34'),
(3, 3, 'Prof. Cullen Gottlieb', 'Eveniet distinctio aspernatur sequi possimus sapiente iure. Temporibus eligendi veritatis consequatur quia. Dolores corporis non cum odit ut quis dolor.', 5, '2019-02-15 23:22:34', '2019-02-15 23:22:34'),
(4, 8, 'Misty Tromp DDS', 'Alias qui atque molestias id. Placeat et praesentium earum impedit.', 5, '2019-02-15 23:22:35', '2019-02-15 23:22:35'),
(5, 20, 'Spencer Heaney', 'Corporis voluptatem et accusantium dolorem maxime libero. Optio iure et cumque atque dolore qui. Corporis harum numquam incidunt nisi itaque. Dolores sit necessitatibus possimus quos.', 0, '2019-02-15 23:22:35', '2019-02-15 23:22:35'),
(6, 34, 'Dr. Vita Hayes', 'Voluptatem voluptas dolorum veniam dolores dolorem fugit. Quia ratione aut voluptatum qui et voluptatem. Et debitis ut fuga consequuntur fugit quibusdam perspiciatis. Laborum in qui facere placeat est magnam.', 4, '2019-02-15 23:22:35', '2019-02-15 23:22:35'),
(7, 31, 'Prof. Gina Friesen Jr.', 'Dolore repudiandae doloribus error quod occaecati repellendus. Ea sunt dolore possimus accusamus aliquid ut labore officiis. Est quaerat nulla nesciunt cumque veritatis sint.', 4, '2019-02-15 23:22:35', '2019-02-15 23:22:35'),
(8, 7, 'Consuelo Howell', 'Ratione eaque ea quas eos aperiam voluptatum voluptatem dignissimos. Omnis quis libero eos reprehenderit. Quos velit iure culpa. Qui eos molestiae velit error.', 2, '2019-02-15 23:22:35', '2019-02-15 23:22:35'),
(9, 50, 'Ottis Ullrich', 'Et dolor in optio est cum rem. Ducimus ipsa quis sequi voluptatem beatae consequatur. Alias et eius consequatur.', 3, '2019-02-15 23:22:35', '2019-02-15 23:22:35'),
(10, 34, 'Paige Schuppe', 'Inventore ipsa veniam et cupiditate eum. Quia aut eligendi molestiae quaerat dolor quo. Iusto voluptas cupiditate sint facilis beatae quidem et. Provident ullam a quidem dignissimos quis consequuntur neque reiciendis.', 0, '2019-02-15 23:22:35', '2019-02-15 23:22:35'),
(11, 12, 'Mr. Demario Crona', 'Ea et sint ut harum fuga. A vel qui consequatur veritatis. Ea fugiat architecto officia.', 1, '2019-02-15 23:22:35', '2019-02-15 23:22:35'),
(12, 14, 'Davin Friesen Sr.', 'Ea aperiam eveniet odit. Et quia quis molestiae minus eveniet quas voluptas sint. Pariatur asperiores consequatur exercitationem eligendi.', 0, '2019-02-15 23:22:35', '2019-02-15 23:22:35'),
(13, 8, 'Nestor Cassin', 'Optio itaque et ut harum. Sunt facilis at tenetur iusto dolor ea. In deleniti culpa quam autem quia delectus quis. Aspernatur eaque quia aut et voluptate sapiente.', 2, '2019-02-15 23:22:35', '2019-02-15 23:22:35'),
(14, 36, 'Mrs. Bonnie Larkin', 'Doloribus omnis nam ex qui. Quia nobis eaque necessitatibus voluptate pariatur. Cupiditate consequatur ea et maiores perferendis ea tempore dolor.', 0, '2019-02-15 23:22:35', '2019-02-15 23:22:35'),
(15, 50, 'Trace Ankunding', 'Iure dolorem nesciunt quaerat tenetur est ea vel. Aut fuga incidunt consequatur fuga illum ut dolores. Voluptas incidunt et quia consequatur. Voluptas ipsa expedita provident laudantium ullam provident rerum occaecati.', 2, '2019-02-15 23:22:35', '2019-02-15 23:22:35'),
(16, 42, 'Larry Pagac', 'Atque dolorum soluta sed et facilis et. Sunt nihil hic repellendus cupiditate non eum. Provident voluptas accusantium mollitia nesciunt esse. Voluptas et soluta tempore corrupti magni.', 2, '2019-02-15 23:22:35', '2019-02-15 23:22:35'),
(17, 45, 'Burnice Corwin', 'Rerum assumenda aut repellat iure quibusdam cumque doloribus. Maiores ratione consequatur ab et modi recusandae excepturi. Eveniet accusantium magni voluptates tenetur aut.', 5, '2019-02-15 23:22:35', '2019-02-15 23:22:35'),
(18, 15, 'Julianne Anderson V', 'Aut officiis neque rerum doloremque magni aut eaque. Sed similique repudiandae quam et ducimus dolor est. Officiis rerum expedita ut quibusdam voluptate modi et.', 2, '2019-02-15 23:22:35', '2019-02-15 23:22:35'),
(19, 25, 'Lorenzo Gislason III', 'Similique inventore corporis magnam. Rerum doloribus quod voluptas nobis assumenda ratione facere.', 5, '2019-02-15 23:22:35', '2019-02-15 23:22:35'),
(20, 24, 'Elinore Stehr', 'Vel nobis numquam ab. Repudiandae possimus qui ratione earum aut enim magnam velit. Quis aspernatur nisi magni pariatur et nisi dolorem. Odit ab error alias sit voluptates impedit ipsum qui.', 2, '2019-02-15 23:22:35', '2019-02-15 23:22:35'),
(21, 1, 'Mr. Axel Graham I', 'Est omnis animi non voluptatem. Nostrum dolores ipsum ut et architecto ea. Maxime facere maiores consequuntur qui.', 2, '2019-02-15 23:22:35', '2019-02-15 23:22:35'),
(22, 49, 'Lonnie Bradtke', 'Perspiciatis ut distinctio quaerat et adipisci necessitatibus. Explicabo officiis ut quo modi. Vel rerum veritatis dolor et dolorem est a.', 4, '2019-02-15 23:22:35', '2019-02-15 23:22:35'),
(23, 37, 'Abner Padberg', 'Reiciendis fugit itaque quis repudiandae laborum quam. Facilis dolorem velit quia necessitatibus hic ut tempore. Assumenda aliquid in animi rerum dolorem fuga. Harum quis inventore ut inventore quis.', 5, '2019-02-15 23:22:35', '2019-02-15 23:22:35'),
(24, 24, 'Mrs. Alaina Rutherford II', 'Magnam quos occaecati quia ut nihil repudiandae. Esse quam saepe aliquid tempora omnis.', 5, '2019-02-15 23:22:35', '2019-02-15 23:22:35'),
(25, 42, 'Hassan Pfeffer', 'Dolore harum laboriosam aliquid sunt officiis corrupti molestiae. Qui excepturi reiciendis beatae est. Odit alias id consectetur iste.', 0, '2019-02-15 23:22:35', '2019-02-15 23:22:35'),
(26, 34, 'Nathen McKenzie PhD', 'Amet consequatur aliquam illum distinctio. Et debitis et qui adipisci quod rerum quidem quo. Nam hic non vel ab dicta et.', 0, '2019-02-15 23:22:35', '2019-02-15 23:22:35'),
(27, 20, 'Dr. Helmer Walsh PhD', 'Suscipit laborum eaque vero est. Quos eum delectus cumque illum totam. Est commodi neque provident culpa. Reiciendis impedit autem sit voluptatibus praesentium.', 3, '2019-02-15 23:22:35', '2019-02-15 23:22:35'),
(28, 40, 'Prof. Susana Braun III', 'Voluptatibus optio quo veritatis placeat et quia vel. Pariatur nesciunt soluta in impedit est voluptatem. Id non eveniet ea nam sit fugiat. Eos quia culpa et sed fugiat molestiae.', 2, '2019-02-15 23:22:35', '2019-02-15 23:22:35'),
(29, 31, 'Landen Marquardt', 'Dolorem eos ipsam eius qui. Voluptas tempora corrupti a ut delectus incidunt possimus. Enim earum sit et labore et.', 4, '2019-02-15 23:22:35', '2019-02-15 23:22:35'),
(30, 38, 'Letitia Dietrich', 'Ratione quia expedita earum ipsa error fugiat maxime. Et et neque rem magni. Quis minus est veniam distinctio officia. Facilis ipsam qui ut fugiat explicabo pariatur.', 2, '2019-02-15 23:22:36', '2019-02-15 23:22:36'),
(31, 33, 'Jana Koelpin', 'Aspernatur dolores quia laborum velit. Quia quis eos sed molestiae. Illum rerum iusto necessitatibus quo quasi occaecati. Tempore qui aperiam et nihil vero in sit voluptatibus.', 1, '2019-02-15 23:22:36', '2019-02-15 23:22:36'),
(32, 14, 'Herminio Gorczany', 'Et sed ducimus odio est ut. Ea et aut distinctio eius in dolorum voluptatem. Error nulla atque voluptatibus ad aut qui voluptatem.', 2, '2019-02-15 23:22:36', '2019-02-15 23:22:36'),
(33, 12, 'Natasha Greenholt', 'Ad voluptas voluptatibus adipisci veniam et. Eaque voluptas quia voluptatem ullam quia et quaerat est. Voluptatem nostrum officia nobis pariatur rerum sit.', 0, '2019-02-15 23:22:36', '2019-02-15 23:22:36'),
(34, 23, 'June Wolff', 'Ea et cumque sunt error debitis. Suscipit recusandae omnis veniam nesciunt provident alias. Sequi ducimus provident temporibus quos nemo tempora velit quae. Dolor et dolor voluptatem eos quis accusamus perspiciatis.', 5, '2019-02-15 23:22:36', '2019-02-15 23:22:36'),
(35, 6, 'Gilbert Collier', 'Nisi qui voluptatem tempora nam odit distinctio. Sint eaque qui esse sit. Numquam eveniet voluptatem vitae exercitationem. Animi suscipit voluptatem omnis doloremque corrupti.', 5, '2019-02-15 23:22:36', '2019-02-15 23:22:36'),
(36, 21, 'Garrick Champlin', 'Eius eos error nisi esse sit nulla non et. Impedit sit maxime amet sequi tenetur aut sit. Repudiandae rerum aliquam rerum nam laborum.', 2, '2019-02-15 23:22:36', '2019-02-15 23:22:36'),
(37, 19, 'Alexandre Hamill', 'Vel omnis ipsam similique. Incidunt libero est rerum temporibus qui veritatis. Qui molestiae assumenda laboriosam.', 2, '2019-02-15 23:22:36', '2019-02-15 23:22:36'),
(38, 9, 'Ashtyn Koch', 'Aut nihil eligendi rerum eligendi. Voluptatem beatae maxime voluptas nostrum. Id nisi magnam aut.', 0, '2019-02-15 23:22:36', '2019-02-15 23:22:36'),
(39, 31, 'Robyn Lang', 'Esse voluptates totam alias et laborum. Minima quo ut modi porro. Saepe est sed necessitatibus recusandae. Adipisci qui rerum vero sunt esse qui minima.', 3, '2019-02-15 23:22:36', '2019-02-15 23:22:36'),
(40, 43, 'Oran Hansen', 'Fuga velit vel eos fuga suscipit reprehenderit. Dolorum voluptatem ab eos quod aut. Molestiae error non quis est vitae pariatur. Perspiciatis consequatur quia molestias vel possimus.', 1, '2019-02-15 23:22:36', '2019-02-15 23:22:36'),
(41, 36, 'Mrs. Ebba Gaylord', 'Deserunt reprehenderit aliquam tempore nihil rerum autem. Qui quos adipisci et. Veniam consequatur ipsam ratione labore. Fuga voluptates non odio quasi.', 4, '2019-02-15 23:22:36', '2019-02-15 23:22:36'),
(42, 39, 'Houston Boyer', 'Iste natus id illum harum aut. Id magni ea quam labore sunt.', 4, '2019-02-15 23:22:36', '2019-02-15 23:22:36'),
(43, 1, 'Giuseppe Lockman', 'Et corporis deserunt doloribus molestias laborum. Aut adipisci ex debitis. Quia adipisci voluptates commodi labore ab cupiditate amet.', 1, '2019-02-15 23:22:36', '2019-02-15 23:22:36'),
(44, 26, 'Amara Simonis', 'Qui asperiores quos et perferendis voluptates laudantium. Molestiae cupiditate error quaerat autem et. Quasi ut praesentium totam nisi minus.', 3, '2019-02-15 23:22:36', '2019-02-15 23:22:36'),
(45, 34, 'Berneice Koelpin', 'Doloremque nam non debitis ea veritatis iusto aut. Eligendi et dolorem culpa adipisci. Harum expedita odio ea et. Est sint nesciunt ipsum.', 0, '2019-02-15 23:22:36', '2019-02-15 23:22:36'),
(46, 43, 'Prof. Glen Gottlieb I', 'Et provident expedita sed unde et modi. Molestiae magni tenetur voluptates consequuntur. Et est rem tempore culpa veniam.', 1, '2019-02-15 23:22:36', '2019-02-15 23:22:36'),
(47, 10, 'Kenny Gusikowski', 'Tenetur amet consequatur numquam sed maxime. Dicta ut incidunt sint deserunt. Soluta sint enim voluptatem et animi ipsum.', 4, '2019-02-15 23:22:36', '2019-02-15 23:22:36'),
(48, 41, 'Lew Carter', 'Est dolore quod est ut nihil veniam autem. Laborum quibusdam dolor maiores reprehenderit minima. Nam sed recusandae quidem est expedita sapiente.', 0, '2019-02-15 23:22:36', '2019-02-15 23:22:36'),
(49, 34, 'Mr. London White', 'Voluptas corrupti assumenda et necessitatibus quam cupiditate perferendis. Aut quis nostrum iure nobis voluptatem aut est. Aspernatur laboriosam quibusdam debitis minus alias dolorem. Eos dolores aut dolores voluptas.', 2, '2019-02-15 23:22:36', '2019-02-15 23:22:36'),
(50, 23, 'Hazle Kilback', 'Laboriosam dicta cumque rerum nostrum quo repellendus consequatur. Deleniti repellat non sed natus soluta. Labore ducimus veritatis et pariatur ut.', 2, '2019-02-15 23:22:36', '2019-02-15 23:22:36'),
(51, 50, 'Edythe Paucek III', 'Veritatis laudantium laudantium quo quae eaque cum. Qui nesciunt sed alias rerum. Molestiae quo ut voluptatibus sunt dolorum. Ut ut fugit amet ipsa corrupti.', 3, '2019-02-15 23:22:36', '2019-02-15 23:22:36'),
(52, 50, 'Ms. Savannah Beier V', 'Vel ullam est laboriosam vel sit rerum. Doloremque delectus recusandae ab id ex accusamus qui velit. Et voluptatem tempora hic molestiae quos eos nihil fugiat. Et dolorem omnis ut eum et fuga ex.', 2, '2019-02-15 23:22:36', '2019-02-15 23:22:36'),
(53, 31, 'Alberta Boyer', 'Libero sequi at inventore fugiat modi tenetur earum. Totam eveniet et corporis blanditiis error quis. Quia a voluptatem cum quis tenetur aut et delectus. Velit accusantium dicta aperiam facere rerum dolores voluptas ea.', 4, '2019-02-15 23:22:36', '2019-02-15 23:22:36'),
(54, 38, 'Dr. Alice Marks V', 'Nihil voluptatem fuga quas eum sapiente voluptatem. Ducimus quam dignissimos molestiae sapiente alias. Veniam nemo occaecati laborum quod reiciendis quisquam quia. Cumque cumque aliquid cumque dolores et aut ut.', 1, '2019-02-15 23:22:36', '2019-02-15 23:22:36'),
(55, 12, 'Margarete Jacobi', 'Molestiae et temporibus illum quia. Sed expedita voluptas ab consequuntur voluptatem. Quisquam odio explicabo consequatur autem qui ad odit.', 5, '2019-02-15 23:22:36', '2019-02-15 23:22:36'),
(56, 23, 'Nicholaus Hackett', 'Nobis libero quam consequatur. Odio molestiae ipsum temporibus tenetur consectetur omnis. Aliquid aut tempore animi impedit quisquam.', 2, '2019-02-15 23:22:36', '2019-02-15 23:22:36'),
(57, 48, 'Ms. Elisabeth Mills', 'Nostrum veritatis eaque ut fugit recusandae et. Quaerat amet nam error dolor praesentium aut. Ut rem repudiandae veniam et. Dolor consectetur omnis iste dolore id dolor assumenda.', 4, '2019-02-15 23:22:36', '2019-02-15 23:22:36'),
(58, 20, 'Morgan Marquardt', 'Placeat necessitatibus natus alias eum ipsum tempore. Qui rerum facilis dolores aliquam ut neque eligendi. Suscipit deleniti numquam dolorem quo velit voluptatem ab. Nam sapiente ut iusto quia architecto aliquam odio.', 3, '2019-02-15 23:22:37', '2019-02-15 23:22:37'),
(59, 7, 'Nannie Bogisich Sr.', 'Quibusdam praesentium qui consequatur incidunt nulla voluptas nihil. Dolor nam voluptatum quo eum. Tenetur explicabo optio et ut quia et. Ad dolores dolor est animi qui facilis commodi.', 4, '2019-02-15 23:22:37', '2019-02-15 23:22:37'),
(60, 46, 'Bernice Mayert PhD', 'Aspernatur odio labore eius quia eum. Culpa est odio et itaque labore maiores porro. Ut quae excepturi minus aspernatur quia dolore necessitatibus nostrum.', 2, '2019-02-15 23:22:37', '2019-02-15 23:22:37'),
(61, 41, 'Uriah Waelchi', 'Et est aut repudiandae quaerat unde. Provident voluptatem dolorem eaque et minima. Aut laboriosam tempore dicta consequatur.', 2, '2019-02-15 23:22:37', '2019-02-15 23:22:37'),
(62, 30, 'Rae Kessler', 'Ut et eum autem quod doloremque. Dicta ipsam deleniti minima ut nemo iure.', 0, '2019-02-15 23:22:37', '2019-02-15 23:22:37'),
(63, 2, 'Daija Quitzon', 'Enim iste sint accusantium culpa provident non sint. Consequatur distinctio qui necessitatibus nisi aut non officiis iste. Voluptas impedit sed facere dolore est laborum et. Maxime qui non explicabo porro modi.', 0, '2019-02-15 23:22:37', '2019-02-15 23:22:37'),
(64, 39, 'Donna Kozey', 'Sunt ut deserunt ipsa. Reiciendis voluptatibus dolorem tempora debitis ullam. Molestiae animi autem fugiat et qui est vel.', 3, '2019-02-15 23:22:37', '2019-02-15 23:22:37'),
(65, 39, 'Francesco Toy', 'Voluptas porro reiciendis dolore nihil. Beatae maxime autem eveniet quidem. Magni culpa neque libero eaque officiis molestiae ullam.', 1, '2019-02-15 23:22:37', '2019-02-15 23:22:37'),
(66, 50, 'Dr. Zachery Prosacco', 'Similique dolor molestias voluptate harum et tenetur. Doloremque voluptatibus dolore aperiam ut impedit sunt facere. Quis voluptas corporis odio. Libero sit est saepe necessitatibus sed in praesentium.', 3, '2019-02-15 23:22:37', '2019-02-15 23:22:37'),
(67, 34, 'Madelynn Kuhlman', 'Eum reiciendis deleniti consectetur minima velit pariatur. Possimus pariatur officia eos maiores minus impedit. Eos ipsa aliquam aliquid fuga. Amet animi rerum iure voluptatibus repellendus minus.', 1, '2019-02-15 23:22:37', '2019-02-15 23:22:37'),
(68, 28, 'Sabina Gleichner', 'Nobis libero numquam unde quae magni quis. Quia sit voluptatibus expedita soluta tenetur unde minus magnam. Excepturi totam deleniti in qui autem quibusdam. Excepturi facere architecto possimus.', 3, '2019-02-15 23:22:37', '2019-02-15 23:22:37'),
(69, 36, 'Delpha Larson', 'Voluptatem autem dolor magni rerum aut. Unde eius esse et corporis exercitationem. Nesciunt et nulla minus voluptatum quam.', 1, '2019-02-15 23:22:37', '2019-02-15 23:22:37'),
(70, 7, 'Leta Kihn', 'Enim voluptatem magni ut dolor dolore. In tempore expedita quibusdam animi. Quibusdam amet in voluptatem labore cum sed est occaecati. Voluptatem animi ut sint odio.', 3, '2019-02-15 23:22:37', '2019-02-15 23:22:37'),
(71, 22, 'Tamia Runolfsdottir', 'Voluptas vel at et non quae quia nam. Iusto laboriosam soluta cumque aut. Quasi temporibus alias consequatur nobis.', 4, '2019-02-15 23:22:37', '2019-02-15 23:22:37'),
(72, 10, 'Idella Konopelski', 'Et sint non quidem dolores consequatur. Veniam alias fugit molestiae asperiores quae impedit ipsum. Velit omnis est beatae quia sequi facere. Animi dolore consequatur porro officia corrupti vitae.', 3, '2019-02-15 23:22:37', '2019-02-15 23:22:37'),
(73, 20, 'Mr. Stephen Nitzsche', 'Enim nihil excepturi consequatur accusantium totam at neque est. Dolores temporibus non quasi eaque quam. Quaerat minus dolor eligendi voluptatem et doloremque rerum. Iure sint sequi tempore consectetur.', 1, '2019-02-15 23:22:37', '2019-02-15 23:22:37'),
(74, 23, 'Prof. Karley Donnelly', 'Quaerat magnam voluptas quidem illo quibusdam. Eligendi quod rem repellendus. Culpa neque temporibus vel aut animi.', 5, '2019-02-15 23:22:37', '2019-02-15 23:22:37'),
(75, 33, 'Birdie Johnson', 'Quibusdam rerum perferendis ut quis quas omnis quidem et. Quo non laborum totam aut inventore rerum cupiditate perspiciatis. Ut placeat aliquid in voluptatum in.', 0, '2019-02-15 23:22:37', '2019-02-15 23:22:37'),
(76, 36, 'Alexie Klocko I', 'Voluptas hic ex aut blanditiis nulla non possimus exercitationem. Dolorum tempora quasi commodi sit facilis molestiae aut. Ut nisi et ut velit qui ut.', 4, '2019-02-15 23:22:37', '2019-02-15 23:22:37'),
(77, 3, 'Green Rice', 'Soluta expedita at ut minima voluptatibus ut. Quo officia maxime quam odit quis et. Consectetur cumque provident rerum accusantium perferendis libero sapiente. Dolores ab quisquam odit qui.', 0, '2019-02-15 23:22:37', '2019-02-15 23:22:37'),
(78, 22, 'Minnie Roberts', 'Quo distinctio officia soluta ullam. Qui nesciunt voluptas non et. Illum aut in reprehenderit nihil ducimus.', 2, '2019-02-15 23:22:37', '2019-02-15 23:22:37'),
(79, 40, 'Christian Wisozk', 'Aliquid nulla sed non. Ipsam ut qui in dolores maiores reprehenderit. Praesentium sint illo sed mollitia.', 2, '2019-02-15 23:22:37', '2019-02-15 23:22:37'),
(80, 11, 'Dr. Alexandro Kautzer MD', 'Quas dignissimos et consequuntur molestiae. Ea voluptatem sit ratione amet blanditiis dolorem. Eos sunt officiis amet eaque vitae. Quo perferendis aliquam ut molestiae saepe libero alias.', 2, '2019-02-15 23:22:37', '2019-02-15 23:22:37'),
(81, 43, 'Karen Smitham', 'Consectetur vitae consequatur officiis ut error sequi quaerat. Ut occaecati nulla pariatur ea quos. Voluptatum libero nesciunt animi odio quis voluptas non.', 4, '2019-02-15 23:22:37', '2019-02-15 23:22:37'),
(82, 38, 'Dr. Efrain Bergnaum I', 'Vitae ipsam consequatur dignissimos atque id consequuntur quaerat. Ducimus quam dolor commodi odit autem facilis possimus consectetur. Architecto incidunt iste ipsa dolor et eum praesentium. Eligendi sunt aut voluptate totam dolorem facilis.', 4, '2019-02-15 23:22:37', '2019-02-15 23:22:37'),
(83, 10, 'Lura Shanahan', 'Quia earum perspiciatis quasi dignissimos id culpa. Quo dignissimos iure doloremque. Laboriosam non aut animi iure aut officia quia et. Ut molestias et voluptatem adipisci atque.', 3, '2019-02-15 23:22:38', '2019-02-15 23:22:38'),
(84, 41, 'Prof. Mac Durgan DVM', 'Eius dolor ut eius consequuntur. Eius similique sit consequatur dolores sint. Voluptatum consectetur animi omnis voluptas.', 2, '2019-02-15 23:22:38', '2019-02-15 23:22:38'),
(85, 2, 'Johanna Tromp', 'Quia facere consequuntur vero distinctio. Id ut nostrum eos non quod quod voluptatem. Accusantium voluptatem libero omnis sunt.', 3, '2019-02-15 23:22:38', '2019-02-15 23:22:38'),
(86, 4, 'Marilou Hayes', 'Aut ratione qui aperiam autem quia nisi et. Aut necessitatibus officiis id sint ab consequatur. Officiis ut et sed nulla ab. Quis minima occaecati modi molestias ut itaque.', 1, '2019-02-15 23:22:38', '2019-02-15 23:22:38'),
(87, 12, 'Megane Jacobs', 'Ut sit voluptatibus unde error ullam. Omnis facere suscipit ut hic dignissimos. Eaque reprehenderit aut harum adipisci itaque repudiandae sit. Temporibus ut alias tenetur omnis iusto omnis consequatur.', 5, '2019-02-15 23:22:38', '2019-02-15 23:22:38'),
(88, 34, 'Leo Greenholt I', 'Facere aut quam molestiae minima labore consectetur non eligendi. Sit quibusdam ut et reprehenderit quaerat assumenda. Aut aut ipsam a sint voluptatem officiis. Libero voluptate modi animi consequuntur at repudiandae.', 3, '2019-02-15 23:22:38', '2019-02-15 23:22:38'),
(89, 14, 'Isabelle Muller PhD', 'Optio nisi odio commodi. Sit eveniet recusandae debitis corrupti iusto. Qui tempora eos soluta necessitatibus illo. Consequatur quo aperiam nemo eum doloremque. Sapiente illo recusandae eius necessitatibus saepe.', 5, '2019-02-15 23:22:38', '2019-02-15 23:22:38'),
(90, 30, 'Gregoria Eichmann', 'Possimus voluptate vel neque laudantium rerum molestias. Placeat dolor quibusdam doloribus inventore optio ratione nisi. Impedit enim nulla at delectus minima. Consectetur quas debitis sint illum eum optio.', 5, '2019-02-15 23:22:38', '2019-02-15 23:22:38'),
(91, 16, 'Leanne Abbott II', 'Alias facere porro eveniet corporis culpa. Ad voluptatem aliquam dolores qui qui. Aliquid pariatur in non velit. Neque sed ex quis libero nihil facilis. Cumque ut est optio quos.', 0, '2019-02-15 23:22:38', '2019-02-15 23:22:38'),
(92, 2, 'Forest Murphy', 'Consequatur totam omnis reprehenderit repudiandae. Excepturi asperiores culpa iure fuga. Ut adipisci inventore iste ipsum rerum voluptate eos libero. Enim earum ab nemo earum sit. Sit omnis quaerat cum minima ut facilis maxime quos.', 4, '2019-02-15 23:22:38', '2019-02-15 23:22:38'),
(93, 43, 'Alfonzo Reichert', 'Molestias et molestias corrupti provident nihil aut laudantium. Magnam non esse voluptates aspernatur deleniti optio ut. Nostrum animi aut delectus quia facere dolorum ut rerum. Qui quis omnis aspernatur ut harum.', 0, '2019-02-15 23:22:38', '2019-02-15 23:22:38'),
(94, 43, 'Maurine Klocko', 'Sunt iste saepe et ipsa. Atque perferendis repellendus et distinctio saepe laboriosam qui. Possimus maxime mollitia fugiat nesciunt soluta.', 4, '2019-02-15 23:22:38', '2019-02-15 23:22:38'),
(95, 16, 'Merle Quigley V', 'Quisquam nisi error dolor asperiores nihil exercitationem. Nihil ea omnis ea porro ipsa numquam. Veniam et sit laudantium eligendi cumque est. Eum ullam voluptas et harum.', 5, '2019-02-15 23:22:38', '2019-02-15 23:22:38'),
(96, 33, 'Darryl Bruen', 'Quo laudantium ullam velit quaerat id quisquam. Libero veniam blanditiis aspernatur doloremque non expedita. Fugiat delectus explicabo amet dolore qui error.', 5, '2019-02-15 23:22:38', '2019-02-15 23:22:38'),
(97, 28, 'Gaetano Flatley', 'Sapiente maxime fugiat accusamus in quia recusandae consequatur. Voluptatem maiores consequatur tempora quisquam sequi explicabo. Ipsam eum odio perferendis quidem aut eveniet rem.', 5, '2019-02-15 23:22:38', '2019-02-15 23:22:38'),
(98, 3, 'Lisette Torp', 'Rerum doloremque doloremque voluptates eveniet ullam. Nostrum provident quidem facere quaerat modi iusto. Quia ut fugit quo sint ut. Atque est fuga sunt quos tempora rem.', 0, '2019-02-15 23:22:38', '2019-02-15 23:22:38'),
(99, 41, 'Larissa Christiansen', 'Assumenda cupiditate sit dicta enim. Veritatis reprehenderit enim rem. Est mollitia id itaque sed autem quis dignissimos.', 2, '2019-02-15 23:22:38', '2019-02-15 23:22:38'),
(100, 40, 'Prof. Tyree Ullrich', 'Tempore dolores numquam deserunt porro a. Porro eos rem error quis. Ducimus omnis quo commodi iste facere facere. Tenetur consectetur adipisci est.', 5, '2019-02-15 23:22:38', '2019-02-15 23:22:38'),
(101, 1, 'Gonzalo Hill', 'Aut voluptatem voluptatem aut natus ad aut. Distinctio dolorem ut fuga magni deleniti quo quia. Et facilis autem possimus ab. Voluptatum id fuga hic odio.', 3, '2019-02-15 23:22:38', '2019-02-15 23:22:38'),
(102, 32, 'Prof. Geraldine Nolan', 'Aut ea quae voluptatum quae. Eius consequatur odit voluptatem totam dicta. Voluptas ipsam maiores quisquam hic provident.', 4, '2019-02-15 23:22:38', '2019-02-15 23:22:38'),
(103, 24, 'Hans Dibbert', 'At minima sit officiis perferendis eaque et consequatur. Et totam impedit quaerat numquam. Tempora nihil blanditiis nostrum natus qui excepturi laboriosam. Similique eos id numquam nihil iusto corporis qui id.', 0, '2019-02-15 23:22:38', '2019-02-15 23:22:38'),
(104, 33, 'Mrs. Ellie Ebert IV', 'Recusandae illum sed eius debitis aut sit. Et provident ut deleniti id animi. Sit facere velit libero.', 2, '2019-02-15 23:22:38', '2019-02-15 23:22:38'),
(105, 37, 'Blair Beatty I', 'Eum non numquam consequatur non tenetur atque quibusdam. Tempore et quos velit aut amet molestiae qui delectus. Eos ut doloribus dicta aspernatur dolores quidem voluptas magni. Provident consectetur possimus non voluptatem. Aperiam facilis ut veniam minima.', 1, '2019-02-15 23:22:38', '2019-02-15 23:22:38'),
(106, 36, 'Buster Weber', 'Laboriosam ut sed amet non repellat quo. Sunt aliquam nihil nam ut aut culpa dolor. Nostrum placeat in ullam sed assumenda et temporibus.', 2, '2019-02-15 23:22:38', '2019-02-15 23:22:38'),
(107, 42, 'Samir Zieme', 'Veritatis nesciunt autem ipsam architecto dolores. Accusantium et vitae qui a quam eos qui.', 1, '2019-02-15 23:22:38', '2019-02-15 23:22:38'),
(108, 13, 'Ms. Anahi Koepp', 'Molestiae qui dolor velit reprehenderit. Eligendi in nam ea sed voluptatum quia voluptate. Rerum cupiditate fugit vel sit illum placeat. Sunt labore et fuga dolor consequatur velit aut.', 3, '2019-02-15 23:22:38', '2019-02-15 23:22:38'),
(109, 11, 'Emmett Satterfield', 'Sint architecto occaecati qui laudantium iste non. Sequi ipsam quis quis rerum eius et suscipit. Impedit repellat aliquid ea odio.', 4, '2019-02-15 23:22:38', '2019-02-15 23:22:38'),
(110, 42, 'Norberto Fahey', 'Pariatur quidem dolor aut ullam. Est quia molestiae alias quo. Sunt consequatur earum aperiam quisquam delectus est mollitia ducimus.', 2, '2019-02-15 23:22:38', '2019-02-15 23:22:38'),
(111, 38, 'Charlie Kerluke', 'Facere sed aut adipisci et. Delectus magni et est. Eum deleniti dolor excepturi dicta vitae dolore. Perspiciatis quis unde perferendis deleniti est praesentium nulla.', 5, '2019-02-15 23:22:38', '2019-02-15 23:22:38'),
(112, 30, 'Brianne Maggio DDS', 'Officiis in aut cum omnis numquam vitae soluta. Nobis unde voluptatem expedita et. Rerum cupiditate cumque praesentium id. Dolor aliquid maxime eos totam.', 4, '2019-02-15 23:22:39', '2019-02-15 23:22:39'),
(113, 7, 'Octavia Johnston', 'Quod quae dolorem et. Error mollitia accusamus necessitatibus quisquam iure. Eligendi porro aut quia voluptas vitae mollitia aut.', 5, '2019-02-15 23:22:39', '2019-02-15 23:22:39'),
(114, 39, 'Turner Schamberger', 'Sequi iure quo repellat nostrum quod ut consequatur. Repudiandae quis exercitationem asperiores dolorem velit maiores. Delectus accusamus ad molestiae a.', 0, '2019-02-15 23:22:39', '2019-02-15 23:22:39'),
(115, 27, 'Paris Labadie PhD', 'Architecto eos nihil expedita adipisci molestiae. Dolore magni aliquid quaerat architecto accusantium laborum perferendis. Voluptas quis amet exercitationem in.', 0, '2019-02-15 23:22:39', '2019-02-15 23:22:39'),
(116, 43, 'Ayana Howell', 'Non quis est ad quo aut ipsum iure cumque. Eum corrupti molestias accusantium reprehenderit dolorem qui vel officia. Suscipit enim aut aperiam nesciunt. Ea hic sint beatae enim error sit et doloremque. Voluptatibus nobis sint voluptates voluptates sit et velit consequatur.', 5, '2019-02-15 23:22:39', '2019-02-15 23:22:39'),
(117, 6, 'Prof. Woodrow Sporer IV', 'Ad possimus distinctio temporibus ut voluptatem. Commodi fugit similique est reprehenderit.', 3, '2019-02-15 23:22:39', '2019-02-15 23:22:39'),
(118, 14, 'Burnice Hane', 'Assumenda nihil similique recusandae quod adipisci. Voluptas nisi in esse optio omnis. Dicta hic sequi beatae quo qui temporibus sit earum. Quasi enim et minima expedita dolorem perferendis similique.', 2, '2019-02-15 23:22:39', '2019-02-15 23:22:39'),
(119, 30, 'Miss Gudrun Howe Jr.', 'Numquam et nihil sed quod hic. Occaecati consequuntur ea sint dignissimos laudantium sed. Eius vitae minima deleniti ad voluptatibus id.', 4, '2019-02-15 23:22:39', '2019-02-15 23:22:39'),
(120, 26, 'Nat Gutmann', 'Quo molestiae eum eius. Assumenda voluptates earum molestias illo. Fuga aut dolor at et ut eveniet.', 4, '2019-02-15 23:22:39', '2019-02-15 23:22:39'),
(121, 39, 'Prof. Anahi Green', 'Soluta dolorem porro similique culpa cum consequatur nihil deserunt. Saepe ut odio vel officiis unde. Sunt inventore deserunt officia voluptatum facere placeat ut.', 0, '2019-02-15 23:22:39', '2019-02-15 23:22:39'),
(122, 37, 'Camille Erdman', 'Vel molestiae est dolores cumque. Id quia perferendis assumenda eaque. Laboriosam temporibus eius animi est nobis nam officia. Error molestiae cumque illum.', 5, '2019-02-15 23:22:39', '2019-02-15 23:22:39'),
(123, 35, 'Tressie Bernhard', 'Qui reprehenderit qui rerum magnam et. Aut beatae quae dolores totam vel praesentium dolorum. Maxime culpa omnis enim occaecati impedit ut. Sit id accusantium quia sequi.', 4, '2019-02-15 23:22:39', '2019-02-15 23:22:39'),
(124, 11, 'Chad Rosenbaum V', 'Quis minus accusamus fugit. A et quia et eos tempora esse odit. Ipsa iste provident quasi. Similique nihil aperiam fugiat officiis sed optio rerum.', 3, '2019-02-15 23:22:39', '2019-02-15 23:22:39'),
(125, 23, 'Edna Kerluke', 'Ea officia nisi modi aspernatur odio id. Et repellendus qui est in aut illo itaque. Velit earum qui quisquam maxime ex voluptates. Eveniet consequatur sunt porro quis.', 1, '2019-02-15 23:22:39', '2019-02-15 23:22:39'),
(126, 3, 'Otilia Trantow', 'Mollitia iste fugiat eaque voluptatem quibusdam quia. Vel est ab nulla et quod ipsam molestias aperiam.', 3, '2019-02-15 23:22:39', '2019-02-15 23:22:39'),
(127, 30, 'Sonya Schaden IV', 'Occaecati voluptatibus quidem dolorum harum rerum. Doloremque quos ducimus repudiandae eaque. Fugit culpa doloribus sit maiores quo.', 0, '2019-02-15 23:22:39', '2019-02-15 23:22:39'),
(128, 30, 'Terrance Fahey', 'Nemo rerum eos ratione enim ut ducimus. Aspernatur ipsa repellat eaque ut autem est sunt. Asperiores omnis quo laudantium asperiores reprehenderit eius. Molestiae dolor aliquid non delectus.', 2, '2019-02-15 23:22:39', '2019-02-15 23:22:39'),
(129, 16, 'Kris Dibbert Jr.', 'Facere voluptate eum qui possimus explicabo. Quis id officiis minus repellendus qui. Dolorem dolorem dolorem nemo architecto pariatur at. Hic sequi laborum repellat veniam earum.', 3, '2019-02-15 23:22:39', '2019-02-15 23:22:39'),
(130, 41, 'Kendrick Waelchi', 'Iusto pariatur id blanditiis sunt et. Aut sint ut soluta eum temporibus eius. Ab qui corporis non voluptatem perferendis id.', 0, '2019-02-15 23:22:39', '2019-02-15 23:22:39'),
(131, 36, 'Prof. Delmer Runolfsdottir DVM', 'Voluptatem debitis voluptatibus ut ea odio ab deleniti. Optio quia aliquam corporis eos laboriosam sapiente possimus.', 0, '2019-02-15 23:22:39', '2019-02-15 23:22:39'),
(132, 31, 'Darren Dare', 'Asperiores quo eum quis reiciendis commodi. Sit aut ut placeat molestiae. Consequatur sit occaecati itaque harum.', 1, '2019-02-15 23:22:39', '2019-02-15 23:22:39'),
(133, 45, 'Dr. Jovan Kessler', 'Deserunt ad repellat ut quia. Voluptatum ea fugiat quae corporis incidunt rem mollitia omnis. Ducimus sapiente cum et quasi. Sequi quisquam mollitia iure aspernatur. Dignissimos ipsa at maiores.', 2, '2019-02-15 23:22:39', '2019-02-15 23:22:39'),
(134, 32, 'Mr. Antwan Waelchi DDS', 'Blanditiis harum necessitatibus maiores beatae autem omnis tempore voluptas. Harum unde temporibus consequatur optio dolores impedit.', 2, '2019-02-15 23:22:39', '2019-02-15 23:22:39'),
(135, 38, 'Miller Goyette', 'Explicabo eius nisi consequatur delectus. Accusamus ullam dolorum sit illo rerum eius ad. Ipsa cumque numquam beatae tempore.', 0, '2019-02-15 23:22:39', '2019-02-15 23:22:39'),
(136, 7, 'Daryl Witting', 'Nihil iusto non eum molestiae. Iste et fugiat suscipit consequatur aut omnis dolorum. Voluptatum quia impedit molestiae dolorem non doloremque vero dolores.', 5, '2019-02-15 23:22:39', '2019-02-15 23:22:39'),
(137, 16, 'Hollie Schuppe', 'Ex tenetur magni eligendi voluptatem laudantium. Eos quibusdam fugit quae. Sed quasi officiis repellat illum at id qui corporis. Tempora nobis earum esse est at occaecati laudantium. Accusamus quas omnis consequatur aut asperiores.', 3, '2019-02-15 23:22:39', '2019-02-15 23:22:39'),
(138, 16, 'Jonatan O\'Kon', 'Quia architecto tempore delectus cum veniam quis vel eum. Maiores consequatur cum id esse ipsum quibusdam. Voluptate accusantium exercitationem vel itaque et ut soluta. Vero voluptatem ut deleniti voluptate impedit doloribus eaque.', 2, '2019-02-15 23:22:39', '2019-02-15 23:22:39'),
(139, 36, 'Osvaldo Abernathy', 'Eum distinctio accusantium eum voluptas quae sint rerum minima. Assumenda voluptatum tempora rerum dolor non. Dignissimos minus dicta est tempora fugiat excepturi. Ratione ut omnis maxime aspernatur sit recusandae.', 5, '2019-02-15 23:22:40', '2019-02-15 23:22:40'),
(140, 22, 'Bryon Schmeler', 'Similique eos consectetur id doloribus. Quia voluptas quam non ipsum omnis. Ea quis ratione saepe id voluptates numquam. Alias ut perspiciatis ipsa cumque.', 0, '2019-02-15 23:22:40', '2019-02-15 23:22:40'),
(141, 21, 'Dorothy Turcotte', 'Itaque deserunt enim hic eos reprehenderit qui cupiditate. Inventore voluptates autem nisi vero harum culpa repellat sunt. Sit nesciunt nam est enim.', 5, '2019-02-15 23:22:40', '2019-02-15 23:22:40'),
(142, 48, 'Prof. Janiya Yundt', 'Nesciunt porro qui repudiandae ad recusandae incidunt. Non animi dicta nesciunt cupiditate deserunt iure. Sunt impedit inventore iste distinctio.', 4, '2019-02-15 23:22:40', '2019-02-15 23:22:40'),
(143, 6, 'Dr. Gregg King', 'Eos blanditiis harum cumque. Optio ipsa blanditiis ut amet quisquam. Dolorem repellat ab ullam suscipit.', 3, '2019-02-15 23:22:40', '2019-02-15 23:22:40'),
(144, 10, 'Drew O\'Keefe PhD', 'Ab necessitatibus quia quae id. Animi rerum aut perferendis omnis labore omnis voluptas. Et in voluptate saepe provident.', 0, '2019-02-15 23:22:40', '2019-02-15 23:22:40'),
(145, 26, 'Nathen Miller', 'Quia quam non qui. A quod est id sapiente numquam labore unde. Totam consequatur quibusdam aliquid aliquid rerum.', 4, '2019-02-15 23:22:40', '2019-02-15 23:22:40'),
(146, 3, 'Giuseppe Schuppe', 'Id quasi delectus officiis eos facere iusto quia. Illo in tempore iste fugiat consequatur nesciunt natus rem. Eum aut et expedita est.', 4, '2019-02-15 23:22:40', '2019-02-15 23:22:40'),
(147, 42, 'Conor Bednar', 'Asperiores deserunt tenetur inventore voluptatum. Laboriosam non eos nobis nihil tempora. Non nostrum porro debitis et et.', 1, '2019-02-15 23:22:40', '2019-02-15 23:22:40'),
(148, 35, 'Mr. Efrain Bartell', 'Enim maiores quisquam eum quis rerum. Quia voluptates omnis autem. Voluptates fugiat incidunt iure consequatur.', 1, '2019-02-15 23:22:40', '2019-02-15 23:22:40'),
(149, 48, 'Betsy Klocko', 'Aut ut quisquam illo tempora impedit explicabo. Magnam aperiam dolor numquam labore. Magnam quasi voluptatem ut fugiat atque sed quisquam.', 0, '2019-02-15 23:22:40', '2019-02-15 23:22:40'),
(150, 30, 'Stefan Lowe Jr.', 'Nisi nihil culpa debitis voluptatem dolor. Quaerat hic tempore dolor quas aut illo omnis. Reprehenderit veritatis ex sed est quo ut.', 2, '2019-02-15 23:22:40', '2019-02-15 23:22:40'),
(151, 1, 'Edythe Runte DDS', 'Optio nam fugiat quidem et asperiores iste. Nesciunt eveniet expedita et laborum. Unde dolor cum ut nihil in saepe. Vel hic illo maiores unde ipsam.', 1, '2019-02-15 23:22:40', '2019-02-15 23:22:40'),
(152, 46, 'Crystal Romaguera III', 'Modi id sed ratione ab qui. Voluptatem sunt expedita quas amet et aut sed. Quaerat rerum voluptate sint quis vero nisi et voluptas.', 1, '2019-02-15 23:22:40', '2019-02-15 23:22:40'),
(153, 6, 'Hershel Klein', 'Reiciendis est est dignissimos quod est et. Veritatis eligendi quia laboriosam cumque doloribus nihil at. Cupiditate tempore nisi sequi autem voluptatem non quas. Ullam ex qui tempora id. Incidunt dolor ratione natus voluptas libero occaecati quas.', 2, '2019-02-15 23:22:40', '2019-02-15 23:22:40'),
(154, 13, 'Mrs. Freida Rowe', 'Aut officia voluptas optio quasi. Incidunt sint mollitia dolorum iusto corporis. Similique vel laborum doloribus sed voluptas omnis ut. Est temporibus dolore accusantium magnam.', 4, '2019-02-15 23:22:40', '2019-02-15 23:22:40'),
(155, 3, 'Dr. Otis Littel II', 'Ut architecto saepe repellat quis amet voluptas nihil. Praesentium qui nihil ducimus aspernatur placeat iste. Magni molestias eos quaerat deserunt quas.', 2, '2019-02-15 23:22:40', '2019-02-15 23:22:40'),
(156, 23, 'Daniella Boehm', 'Asperiores nostrum consequuntur quam est eveniet officiis. Sed atque quae tempore. Sed consequatur sit sit totam vel officia aut.', 2, '2019-02-15 23:22:40', '2019-02-15 23:22:40'),
(157, 1, 'Filomena Wehner V', 'Est ex dolorem adipisci nemo quo. Consequatur ullam architecto et quaerat qui rerum. Omnis omnis tempora commodi quis voluptatibus et et.', 4, '2019-02-15 23:22:40', '2019-02-15 23:22:40'),
(158, 31, 'Janie Jones', 'Facilis voluptas et cumque dicta. Rerum recusandae et ex nulla. Et asperiores sit id adipisci cum.', 2, '2019-02-15 23:22:40', '2019-02-15 23:22:40'),
(159, 3, 'Bernardo Ryan Sr.', 'Ducimus explicabo praesentium enim dolor laboriosam eaque accusamus. Quas repellendus non mollitia vitae adipisci voluptatem eius. Consequatur fugiat maxime optio ea omnis.', 0, '2019-02-15 23:22:40', '2019-02-15 23:22:40'),
(160, 49, 'Joanny O\'Conner II', 'Molestiae aut quia magni ut deserunt veritatis autem omnis. Qui qui sapiente nesciunt sunt molestias dolore fugiat consequatur. Maiores asperiores totam itaque quo assumenda corrupti et. Aut sint eaque beatae magnam voluptate dolores at. Repellendus rerum enim deleniti sequi.', 0, '2019-02-15 23:22:40', '2019-02-15 23:22:40'),
(161, 47, 'Zora Lang', 'Omnis accusantium est magnam perspiciatis. Aspernatur cum tempora corporis enim voluptatem odit. Aperiam tempore excepturi omnis autem eum labore praesentium laudantium.', 4, '2019-02-15 23:22:40', '2019-02-15 23:22:40'),
(162, 48, 'Mrs. Madalyn Gorczany', 'Inventore ducimus in occaecati quos dolorem ut voluptatem. Rem at odio qui rerum aspernatur. Iste optio harum nulla voluptatem atque esse.', 0, '2019-02-15 23:22:40', '2019-02-15 23:22:40'),
(163, 15, 'Gwen Cormier', 'Nam sit illum voluptatibus esse non provident ex omnis. Numquam sit ut excepturi. Non id veniam est quia.', 2, '2019-02-15 23:22:40', '2019-02-15 23:22:40'),
(164, 39, 'Katarina Kertzmann', 'Nihil aut molestiae sit suscipit quidem. Modi inventore voluptas blanditiis rem minima ipsam nihil quis.', 3, '2019-02-15 23:22:40', '2019-02-15 23:22:40'),
(165, 37, 'Ryan Smith', 'Rerum minus nisi quis nam eius autem ut. Aut minus quo consectetur. Eos eos quasi qui velit quasi. Architecto neque sapiente sit asperiores quibusdam.', 1, '2019-02-15 23:22:40', '2019-02-15 23:22:40'),
(166, 42, 'Lolita Yost', 'Optio ut quis voluptatum soluta molestiae voluptate. Fugit dolorem reiciendis similique. Nulla veniam praesentium voluptatibus dolorem qui.', 5, '2019-02-15 23:22:40', '2019-02-15 23:22:40'),
(167, 49, 'Willard Langosh', 'Omnis ex id est cum. Ut error aliquam dolores et vel necessitatibus. Enim officiis autem repellendus eaque. Odio dolorem aliquid dolore sint beatae harum.', 0, '2019-02-15 23:22:41', '2019-02-15 23:22:41'),
(168, 24, 'Keira Ziemann', 'Ut dolor qui excepturi natus nemo impedit autem ad. Iure perspiciatis hic doloremque ea totam. Distinctio aut laboriosam provident repudiandae. Beatae iste doloremque sunt nihil minima harum architecto.', 0, '2019-02-15 23:22:41', '2019-02-15 23:22:41'),
(169, 32, 'Kaia Towne', 'Voluptates molestiae temporibus est sit omnis in. Ipsam harum voluptatibus hic sapiente ea iusto fuga. Et quia provident dolor mollitia qui quam. Occaecati nostrum fugit nihil earum voluptas id cumque.', 2, '2019-02-15 23:22:41', '2019-02-15 23:22:41'),
(170, 26, 'Edythe Russel', 'Rerum nam consectetur asperiores alias. Reiciendis neque cupiditate dolor est. Voluptas assumenda natus perspiciatis atque est.', 1, '2019-02-15 23:22:41', '2019-02-15 23:22:41'),
(171, 42, 'Randi Larson', 'Earum qui et ut non velit. Omnis veritatis omnis incidunt rerum fugiat. Sunt animi eaque fuga est quo et alias ad. Quia harum qui vitae eveniet alias.', 2, '2019-02-15 23:22:41', '2019-02-15 23:22:41'),
(172, 48, 'Kacey Mante I', 'Est sit voluptatem repellendus cumque quia est est. Reiciendis repellat vitae incidunt labore maxime. Est est ad nihil veniam et. Rerum doloribus maxime totam eius soluta.', 3, '2019-02-15 23:22:41', '2019-02-15 23:22:41'),
(173, 15, 'Sophia Ratke', 'Asperiores sequi nihil aut fuga illo. A laudantium debitis soluta in unde voluptatum et sunt.', 1, '2019-02-15 23:22:41', '2019-02-15 23:22:41'),
(174, 35, 'Nannie Schoen', 'Dolore voluptatem rerum quisquam esse eum. Eligendi nobis fugiat minima et quia accusamus corrupti. Dignissimos amet est optio consequatur est.', 5, '2019-02-15 23:22:41', '2019-02-15 23:22:41'),
(175, 2, 'Velma Ward', 'Est illum vel sequi quod. Cupiditate eos enim tempore totam quia maxime recusandae. Tempore eveniet dolorem labore eum ut voluptates et est. Dolores nam quia earum amet quas.', 5, '2019-02-15 23:22:41', '2019-02-15 23:22:41'),
(176, 13, 'Deja Mosciski', 'Sapiente vitae ut dolor et. Nesciunt quisquam voluptatum rerum deserunt. Dolor aut sed totam fuga recusandae magni. Dolorum mollitia debitis consequatur omnis.', 2, '2019-02-15 23:22:41', '2019-02-15 23:22:41'),
(177, 30, 'Paris O\'Conner DDS', 'Magnam veniam eum omnis. Tempora laboriosam ut et autem nesciunt. Nihil explicabo est quos dicta aperiam. Itaque consequatur iste aut aperiam voluptatem. Iusto nihil quo consequatur eveniet odio.', 3, '2019-02-15 23:22:41', '2019-02-15 23:22:41'),
(178, 6, 'Torrey Robel', 'Cupiditate ipsa qui minima quos nesciunt rerum dicta. Et impedit enim est sit corrupti non. Eius cupiditate debitis occaecati eius.', 5, '2019-02-15 23:22:41', '2019-02-15 23:22:41'),
(179, 2, 'Prof. Alba Renner', 'Quia facilis libero officia. Sint quis voluptatem beatae voluptas eaque nihil. Alias iusto dolor ullam ut est corporis optio autem.', 2, '2019-02-15 23:22:41', '2019-02-15 23:22:41'),
(180, 46, 'Cleveland Stroman', 'Et qui aut labore. Dignissimos omnis error ipsum sed quia labore maxime. Voluptatibus aut praesentium ex ab cupiditate ducimus. Aliquid qui ut aut quis voluptatem animi.', 3, '2019-02-15 23:22:41', '2019-02-15 23:22:41'),
(181, 34, 'Mark Eichmann IV', 'Voluptatum possimus fuga magni tenetur accusantium. Eum aspernatur exercitationem eos dignissimos.', 4, '2019-02-15 23:22:41', '2019-02-15 23:22:41'),
(182, 35, 'Andreane Botsford', 'Rerum necessitatibus dolorum enim officia quia reiciendis earum. Enim est sunt nemo quae dolorum doloribus excepturi. Ut et tempora recusandae voluptas. Reiciendis laboriosam velit iure et quisquam veritatis voluptatibus.', 4, '2019-02-15 23:22:41', '2019-02-15 23:22:41'),
(183, 42, 'Keshawn Kuvalis', 'Consequatur voluptas dolore qui iure. Rem totam voluptate saepe aut eum dicta natus.', 5, '2019-02-15 23:22:41', '2019-02-15 23:22:41'),
(184, 25, 'Westley Terry', 'Perspiciatis quas nemo laboriosam hic beatae ratione. Rerum fugit id magnam tempora quos et. Aliquam accusantium aut voluptatem laudantium iusto beatae. Qui veniam sed totam maxime id quia.', 3, '2019-02-15 23:22:41', '2019-02-15 23:22:41'),
(185, 4, 'Franz Walter', 'Repellendus qui qui ipsum qui sunt rerum accusamus. Dolor id et et. Voluptate accusantium ducimus accusamus voluptatem illo. Quasi explicabo perspiciatis ut magni sed aspernatur. Beatae cupiditate error rem est temporibus praesentium expedita.', 5, '2019-02-15 23:22:41', '2019-02-15 23:22:41'),
(186, 12, 'Kay Lynch', 'Quis adipisci beatae amet nisi. Nisi aperiam perspiciatis quam et consequatur et cum et. Nam magni odio ratione rerum.', 2, '2019-02-15 23:22:41', '2019-02-15 23:22:41'),
(187, 30, 'Hilton Heathcote', 'Soluta tempore molestiae dolorum qui sunt saepe similique. Hic omnis sit quisquam libero non atque magnam. Ut voluptas incidunt nisi magnam rerum. Non quasi a eum incidunt ex.', 3, '2019-02-15 23:22:41', '2019-02-15 23:22:41'),
(188, 9, 'Grover Predovic', 'Corporis ut quod numquam eos veritatis vero dolorem asperiores. Enim possimus sit impedit et quisquam quisquam ut. Quaerat delectus culpa similique expedita magnam. Et quasi tempora repellendus eos aut exercitationem fugit tenetur.', 2, '2019-02-15 23:22:41', '2019-02-15 23:22:41'),
(189, 46, 'Noemi Hand', 'Nostrum eos incidunt fuga maiores repudiandae dignissimos ullam. Enim dolore voluptatem sed sapiente odio eum corrupti et. Corrupti aliquid natus ipsam temporibus nisi non velit ipsum.', 0, '2019-02-15 23:22:41', '2019-02-15 23:22:41'),
(190, 3, 'Sterling O\'Conner', 'Eum consequuntur est tempore et aut qui aut error. Reprehenderit atque atque commodi dolorem tenetur. Similique accusamus fugit aut iusto non consequuntur.', 4, '2019-02-15 23:22:41', '2019-02-15 23:22:41'),
(191, 20, 'Jamir Thompson', 'Vero qui nobis dolorem dolores cumque fugit natus. Adipisci et voluptatem et necessitatibus ullam. Doloribus maiores corporis accusamus omnis. Ut autem autem dolorem qui et deleniti.', 1, '2019-02-15 23:22:41', '2019-02-15 23:22:41'),
(192, 14, 'Elias Kerluke MD', 'Ab hic doloribus nesciunt dolores eveniet deleniti. Fugiat harum recusandae non. Molestiae id quaerat vero debitis beatae. Unde quia dicta deserunt ex quas.', 2, '2019-02-15 23:22:41', '2019-02-15 23:22:41'),
(193, 24, 'Art Christiansen DDS', 'Dicta possimus facere ad. Rerum cumque optio velit. Aut laborum rem dolor eum ut illo nemo.', 2, '2019-02-15 23:22:41', '2019-02-15 23:22:41'),
(194, 27, 'Prof. Maybelle Effertz III', 'Dolores iusto libero dolor assumenda odio. Eaque corrupti sed asperiores earum. Nam repudiandae quis ipsum quidem sit rerum sit.', 2, '2019-02-15 23:22:41', '2019-02-15 23:22:41'),
(195, 30, 'Dr. Derick Lockman', 'Eos quisquam earum earum vero. Enim aut quis soluta ut consequatur ea. Quo voluptatem vel quibusdam occaecati.', 4, '2019-02-15 23:22:41', '2019-02-15 23:22:41'),
(196, 10, 'Dr. Estefania Kunde II', 'Repellat impedit reiciendis perferendis error officiis. Sunt consectetur ut fuga voluptates. Ex eaque aut voluptatibus libero et assumenda consectetur.', 3, '2019-02-15 23:22:42', '2019-02-15 23:22:42'),
(197, 5, 'Dixie Rodriguez V', 'Possimus ut officiis autem blanditiis laudantium est dolore. Excepturi est magnam aut omnis. Doloremque corporis praesentium et qui asperiores soluta nostrum.', 4, '2019-02-15 23:22:42', '2019-02-15 23:22:42'),
(198, 18, 'Lance Cassin', 'Non eos recusandae vitae officia dolorum tenetur molestiae qui. Rerum id nobis illum. Modi eos iure et consequuntur id culpa beatae. Sed omnis quas aut magni alias temporibus.', 3, '2019-02-15 23:22:42', '2019-02-15 23:22:42'),
(199, 2, 'Nickolas Hahn', 'Sint cumque repudiandae autem corrupti sed. Numquam voluptatibus ut eum. Quos quia magni deserunt debitis. Exercitationem temporibus sint dicta eum enim illum aspernatur.', 1, '2019-02-15 23:22:42', '2019-02-15 23:22:42'),
(200, 10, 'Emiliano Kling', 'Laudantium aut et at voluptatem debitis velit. Nesciunt iusto nihil voluptatem reprehenderit laboriosam eos ea. Distinctio expedita qui voluptas eum impedit consequatur est.', 3, '2019-02-15 23:22:42', '2019-02-15 23:22:42'),
(201, 8, 'Nelson Kertzmann', 'Repellat dolores culpa in soluta. Sunt ab necessitatibus autem omnis explicabo et. Qui consequatur nihil laboriosam nobis sit ratione. Dolorum nobis sed vel temporibus itaque sunt libero.', 2, '2019-02-15 23:22:42', '2019-02-15 23:22:42'),
(202, 37, 'Aletha Dietrich', 'Ea quibusdam accusamus veritatis quod hic. Earum et quam fuga corporis omnis sit ducimus fuga. Placeat nihil perspiciatis assumenda omnis.', 4, '2019-02-15 23:22:42', '2019-02-15 23:22:42'),
(203, 26, 'Constantin Glover', 'Est vitae itaque unde consectetur libero. Provident fugit minima labore nobis. Laboriosam sunt error ad.', 3, '2019-02-15 23:22:42', '2019-02-15 23:22:42'),
(204, 16, 'Muriel Nikolaus', 'At sed fuga fuga sequi. Nulla repellendus vel molestias est exercitationem sint. Suscipit qui quo quis odit dolores necessitatibus.', 4, '2019-02-15 23:22:42', '2019-02-15 23:22:42'),
(205, 10, 'Lilyan Dare V', 'Sed ea consequuntur ut quo sint dolorum. Molestias vel et at consectetur enim qui. Doloremque asperiores voluptas distinctio culpa sit placeat. Dicta suscipit quae cumque sunt. Ex odit cupiditate nisi ipsa odit veniam quidem.', 5, '2019-02-15 23:22:42', '2019-02-15 23:22:42'),
(206, 24, 'Evalyn Sauer', 'Doloremque magni nostrum nisi officia autem dolorem. Voluptate cupiditate quae quo et pariatur cum. Ut fuga tempora harum facilis ut perspiciatis odit. Rem non rem numquam vero aut sit harum.', 5, '2019-02-15 23:22:42', '2019-02-15 23:22:42'),
(207, 13, 'Kobe VonRueden Jr.', 'Modi fuga consequuntur voluptatibus laboriosam et est. Suscipit est repudiandae commodi voluptatibus nobis ut.', 2, '2019-02-15 23:22:42', '2019-02-15 23:22:42'),
(208, 14, 'Dr. Elinore Goldner', 'Quos temporibus in aut mollitia ea magni. Et in quo repudiandae eum.', 5, '2019-02-15 23:22:42', '2019-02-15 23:22:42'),
(209, 35, 'Annette Sipes', 'Suscipit iste et repellat enim cum. Corporis eaque omnis qui quod eum aut. Iste minima aut ratione vel reiciendis doloremque est. Molestiae iusto consectetur aut debitis libero.', 4, '2019-02-15 23:22:42', '2019-02-15 23:22:42'),
(210, 11, 'Carolyn Howe DDS', 'Quod aspernatur aut officia quae ut. Accusantium reprehenderit non velit iure nostrum optio. Doloribus sunt aut ea reiciendis aperiam velit quidem perspiciatis. Blanditiis quos incidunt aut minus nihil aperiam.', 2, '2019-02-15 23:22:42', '2019-02-15 23:22:42');
INSERT INTO `reviews` (`id`, `product_id`, `customer`, `review`, `star`, `created_at`, `updated_at`) VALUES
(211, 25, 'Mazie Kuhlman', 'Ut quisquam quaerat repudiandae cupiditate. Culpa soluta velit rem suscipit vero reprehenderit. Et nihil excepturi id voluptatem earum alias voluptates quasi.', 1, '2019-02-15 23:22:42', '2019-02-15 23:22:42'),
(212, 46, 'Miss Deborah Kozey V', 'Aspernatur vel quia quasi harum nobis impedit. Laudantium non sed voluptas voluptatibus repellendus. Doloribus dolore doloribus inventore voluptas nesciunt sequi molestias. Voluptas soluta molestias sed ut autem quia.', 2, '2019-02-15 23:22:42', '2019-02-15 23:22:42'),
(213, 41, 'Kyra Jaskolski', 'Quo laborum qui aut minus. Recusandae voluptatem voluptatibus error exercitationem rerum. Qui facere neque deleniti et. Eaque voluptatibus eum ut reprehenderit doloremque consequuntur doloribus eveniet.', 4, '2019-02-15 23:22:42', '2019-02-15 23:22:42'),
(214, 5, 'Shawn Jenkins PhD', 'Quia similique maiores temporibus est ipsam et. Quas molestiae aliquid earum est. Voluptatem repellendus quo in ex quasi doloribus.', 3, '2019-02-15 23:22:42', '2019-02-15 23:22:42'),
(215, 8, 'Mr. Kraig Hegmann', 'Est ipsam magni aperiam voluptas. Omnis aut fugiat nesciunt et quam et minima. Eum harum nostrum at deleniti qui inventore doloribus. Possimus explicabo tenetur repellendus est.', 5, '2019-02-15 23:22:42', '2019-02-15 23:22:42'),
(216, 16, 'Declan Weber', 'Est et quibusdam et quo itaque. Quia cupiditate exercitationem nam ut eveniet ratione consequatur repellat. Sit magnam voluptatem accusamus occaecati accusantium.', 3, '2019-02-15 23:22:42', '2019-02-15 23:22:42'),
(217, 13, 'Dr. Viola Hane V', 'Est quia impedit repudiandae est voluptatem consequatur dicta. Et aspernatur eum repudiandae. Aut autem incidunt inventore provident.', 5, '2019-02-15 23:22:42', '2019-02-15 23:22:42'),
(218, 43, 'Mrs. Sabryna Schuppe DDS', 'Laborum dolor blanditiis quidem dolor molestias maiores numquam vitae. Repellendus sunt ab quo voluptatibus fuga repudiandae. Consequatur voluptate et beatae molestiae sunt est distinctio.', 1, '2019-02-15 23:22:42', '2019-02-15 23:22:42'),
(219, 22, 'Cody Hartmann II', 'Autem quas doloremque neque qui. Atque at delectus eveniet aut. Recusandae in libero quasi aut sed omnis sint. Id ut dolor sed beatae enim dolores.', 2, '2019-02-15 23:22:42', '2019-02-15 23:22:42'),
(220, 3, 'Myrtle Schiller', 'Cumque assumenda ipsa qui. Voluptas id reiciendis adipisci. Et tempora modi quibusdam dignissimos ratione temporibus quisquam adipisci.', 4, '2019-02-15 23:22:43', '2019-02-15 23:22:43'),
(221, 36, 'Anahi Wyman', 'Dolores quia accusantium ea aut. Id quidem nihil et cupiditate ut id repudiandae. Odit aspernatur voluptatem odit qui non necessitatibus dolore ullam. Rerum magni nihil et debitis quia est.', 4, '2019-02-15 23:22:43', '2019-02-15 23:22:43'),
(222, 44, 'Shaun Schmeler', 'Sunt fugit accusantium nesciunt id est. Dolores quae sit nulla voluptatem ea. Aut sunt nobis expedita maxime fugit.', 3, '2019-02-15 23:22:43', '2019-02-15 23:22:43'),
(223, 11, 'Yessenia Botsford', 'Eum tempore expedita ex non est porro. Eveniet porro vero placeat eum. Deleniti illum iste cum eveniet suscipit et.', 0, '2019-02-15 23:22:43', '2019-02-15 23:22:43'),
(224, 37, 'Randall Walsh', 'Cupiditate reprehenderit magni iusto magni. Minus ut fugiat aspernatur illo natus. Magni quis magni dolores non.', 5, '2019-02-15 23:22:43', '2019-02-15 23:22:43'),
(225, 16, 'Prof. Ned Waelchi I', 'Mollitia quasi eveniet reprehenderit et ut quasi beatae. Nisi maiores minima provident ex vitae consequatur rem. Ut deserunt vel quia cum omnis. Neque vel ullam et sint ipsa doloremque.', 0, '2019-02-15 23:22:43', '2019-02-15 23:22:43'),
(226, 31, 'Jeramie Dickinson', 'Et sit repellat tenetur. Veniam et natus autem eius. Culpa eveniet et tempore illum error facere in. Et accusamus ipsam sit eum quos molestiae.', 5, '2019-02-15 23:22:43', '2019-02-15 23:22:43'),
(227, 37, 'Mr. Mohamed Marquardt', 'Perferendis quia culpa suscipit veritatis omnis nisi. Aliquid possimus ea excepturi est.', 0, '2019-02-15 23:22:43', '2019-02-15 23:22:43'),
(228, 41, 'Dr. Greg Reynolds II', 'Recusandae ut consectetur eveniet non. Quibusdam perferendis velit iste sunt. Harum quia esse culpa dolor inventore occaecati et.', 1, '2019-02-15 23:22:43', '2019-02-15 23:22:43'),
(229, 18, 'Cade Doyle DDS', 'Possimus dolor et facere dolores dolorem. Neque tempora voluptates sunt quia. Explicabo aut pariatur ex. Ipsa eum sed veritatis.', 1, '2019-02-15 23:22:43', '2019-02-15 23:22:43'),
(230, 11, 'Iva Jenkins IV', 'Perspiciatis et incidunt dolores molestias ullam. Quis iusto fuga incidunt vitae dolor hic. Incidunt consequatur eligendi maxime doloribus. Sed natus vel id.', 0, '2019-02-15 23:22:43', '2019-02-15 23:22:43'),
(231, 12, 'Colten Nitzsche', 'Facere earum laboriosam et pariatur praesentium fugit. Non dolorem rerum numquam animi deserunt officia voluptatum. Aut in nihil consectetur id sint. At id sed aliquid maiores consectetur.', 1, '2019-02-15 23:22:43', '2019-02-15 23:22:43'),
(232, 27, 'Markus Zieme', 'Minus ipsa qui aliquid aut. Similique maiores ut sit ut.', 4, '2019-02-15 23:22:43', '2019-02-15 23:22:43'),
(233, 8, 'Alfredo Nader', 'Possimus harum optio id iusto itaque possimus. Dicta voluptas et deserunt qui aut. Et quos ducimus magni ut aut quia.', 1, '2019-02-15 23:22:43', '2019-02-15 23:22:43'),
(234, 2, 'Floyd Barton', 'Enim veritatis nemo consequatur nulla et dolorem sit. Ex tempore quis sed debitis earum qui. Velit atque ipsum magnam eius quos perspiciatis sed. Ad molestiae in sed.', 2, '2019-02-15 23:22:43', '2019-02-15 23:22:43'),
(235, 9, 'Mr. Dorcas Dietrich', 'Vel molestiae qui placeat enim deserunt nobis cum. Debitis eligendi et non magni. Sint at qui quod.', 5, '2019-02-15 23:22:43', '2019-02-15 23:22:43'),
(236, 36, 'Ruthie Greenfelder III', 'Cumque corporis dolor ut. Deleniti inventore cum et at amet deserunt nam. Dolor tempora omnis consequatur sint incidunt quis et.', 3, '2019-02-15 23:22:43', '2019-02-15 23:22:43'),
(237, 15, 'Aidan Wilderman', 'Aut eligendi accusantium impedit reprehenderit. Soluta et corporis tempore minima deserunt sit id quia. In voluptatem numquam dicta voluptas ipsam.', 1, '2019-02-15 23:22:43', '2019-02-15 23:22:43'),
(238, 8, 'Nicklaus Smith', 'Non dolor incidunt quibusdam voluptatem perspiciatis impedit facere. Nobis aut repellat neque quae ut et dicta. Quia accusamus est velit voluptas ut quo ipsam. Voluptatem accusamus beatae velit voluptate iste ut.', 5, '2019-02-15 23:22:43', '2019-02-15 23:22:43'),
(239, 37, 'Miss Elisabeth Swift DDS', 'Voluptatum ut vero maxime qui aut doloribus et. Voluptatibus expedita deleniti et ullam et minus. Itaque enim voluptatum sapiente rerum eaque ad. Necessitatibus et id et tempora sint.', 0, '2019-02-15 23:22:43', '2019-02-15 23:22:43'),
(240, 34, 'Rocio Mante', 'Qui maiores aut distinctio vitae voluptas ipsam voluptatibus atque. Praesentium vel laudantium beatae.', 5, '2019-02-15 23:22:43', '2019-02-15 23:22:43'),
(241, 36, 'Miss Ava Sipes', 'Id vel amet eum accusantium rerum. Et blanditiis quasi minima provident ducimus. Ea ut laborum sapiente et officia occaecati. Rerum iure enim consequatur consequatur voluptatum ut.', 2, '2019-02-15 23:22:43', '2019-02-15 23:22:43'),
(242, 32, 'Maci Tremblay', 'Aliquid voluptates perferendis sapiente ex vel. Magni qui expedita quia ut incidunt doloremque.', 4, '2019-02-15 23:22:43', '2019-02-15 23:22:43'),
(243, 39, 'Dr. Clarissa Lemke IV', 'Ea est non qui. Suscipit quo et assumenda accusamus. Qui perspiciatis beatae tempore itaque est et.', 4, '2019-02-15 23:22:43', '2019-02-15 23:22:43'),
(244, 31, 'Prof. Raina Nader IV', 'Illum quibusdam et totam. Voluptate aut voluptate autem ullam consequatur. Consequuntur maxime molestiae quasi quasi facilis consequatur. Dolor quia cum ut architecto.', 1, '2019-02-15 23:22:43', '2019-02-15 23:22:43'),
(245, 43, 'Ms. Ida Swift', 'Quidem aut corrupti nisi molestiae vel beatae sit. Et eum nostrum rerum rerum quas in quia. Sit minima nisi vitae nihil. Et eveniet possimus quia fugiat non eveniet unde aut.', 5, '2019-02-15 23:22:43', '2019-02-15 23:22:43'),
(246, 47, 'Eleazar Wolff', 'Impedit rerum quidem consequatur libero ut fugiat quisquam. Eos sint veniam et excepturi sed laboriosam corporis ut. Ullam ut fugiat sed qui.', 4, '2019-02-15 23:22:43', '2019-02-15 23:22:43'),
(247, 10, 'Miss Lorena Ruecker MD', 'Est qui architecto veniam est doloribus perspiciatis. Alias quos beatae officia enim consequatur quam saepe. Laborum dolorem suscipit inventore voluptas quae quidem. Ad ducimus voluptates ut dolorem.', 1, '2019-02-15 23:22:43', '2019-02-15 23:22:43'),
(248, 37, 'Mrs. Alysha Auer Jr.', 'Reiciendis earum saepe molestiae sunt soluta quia quaerat. Minus dolor possimus quas asperiores qui. Minima neque nobis vel aut odit ea. Doloribus distinctio vero et atque at.', 0, '2019-02-15 23:22:44', '2019-02-15 23:22:44'),
(249, 9, 'Delilah Berge', 'Perspiciatis quod ut dolor ut. Soluta illo cupiditate beatae maxime. Ipsum architecto corrupti assumenda.', 0, '2019-02-15 23:22:44', '2019-02-15 23:22:44'),
(250, 18, 'Herbert Mertz', 'Aut animi mollitia vitae perspiciatis. Facere quia quidem nemo repellat non ut dolores. Eveniet facilis sunt a quia sequi.', 3, '2019-02-15 23:22:44', '2019-02-15 23:22:44'),
(251, 23, 'Daisha Willms', 'Suscipit optio expedita ut et illum. Velit non provident illum aut omnis exercitationem aspernatur. Dolorum dolores aut ut officiis autem illo. Nesciunt reiciendis commodi accusantium non quia possimus aliquid.', 4, '2019-02-15 23:22:44', '2019-02-15 23:22:44'),
(252, 41, 'Prof. Keeley Hagenes', 'Deserunt dignissimos consequatur et est. Nisi ut voluptas architecto. In aut sed vel ullam.', 4, '2019-02-15 23:22:44', '2019-02-15 23:22:44'),
(253, 47, 'Dolores Zemlak', 'Cupiditate sint minus distinctio velit qui dicta quasi. Dolore exercitationem voluptatem sint itaque.', 3, '2019-02-15 23:22:44', '2019-02-15 23:22:44'),
(254, 8, 'Shanon Rutherford', 'Qui vel dolores eos voluptatem. Odit non quas repudiandae sunt eum omnis placeat a. Fugiat dolorum illum quis qui. Et quis quia et et. Ea eius aut dolorem quo aperiam recusandae.', 4, '2019-02-15 23:22:44', '2019-02-15 23:22:44'),
(255, 50, 'Magali West', 'Non atque corrupti nesciunt consequatur. Omnis rerum est nam ut neque odit. Exercitationem quisquam dolorem dolor cupiditate. Ut quasi asperiores possimus quia.', 2, '2019-02-15 23:22:44', '2019-02-15 23:22:44'),
(256, 22, 'Pinkie Stamm', 'Impedit cumque omnis provident. Velit est sit ipsum amet. Alias quaerat ut cupiditate magni. Aperiam consequatur labore itaque illum aperiam ut.', 5, '2019-02-15 23:22:44', '2019-02-15 23:22:44'),
(257, 30, 'Domenico Eichmann', 'Veritatis sunt sit omnis voluptate quia corporis dolor cupiditate. Qui quo doloribus nobis ut. Fugit aperiam natus doloremque cum.', 1, '2019-02-15 23:22:44', '2019-02-15 23:22:44'),
(258, 3, 'Ethyl Grimes', 'Voluptates eius dolores facilis natus optio molestiae corporis qui. Beatae qui qui quo sit impedit animi quidem. Sit vero itaque veritatis vero iste. Molestiae quos occaecati in aut inventore reprehenderit beatae.', 2, '2019-02-15 23:22:44', '2019-02-15 23:22:44'),
(259, 7, 'Emmet Lindgren', 'Impedit quia nobis impedit dolor odit. Magnam qui nihil voluptatem mollitia est ut blanditiis. Id occaecati error voluptas nemo dolores nemo assumenda.', 1, '2019-02-15 23:22:44', '2019-02-15 23:22:44'),
(260, 12, 'Roderick Murphy Jr.', 'Vel in aliquam aut qui ratione. Alias est molestias ipsum. Incidunt enim possimus quisquam maiores. Libero eum maiores ab consequatur repellat.', 3, '2019-02-15 23:22:44', '2019-02-15 23:22:44'),
(261, 26, 'Dr. Reynold Greenfelder PhD', 'Consequatur cumque dolor officia velit ut. Nisi consequatur dolores doloremque qui ipsa voluptas. Error accusantium labore et qui unde perferendis. Eligendi illo et veritatis.', 3, '2019-02-15 23:22:44', '2019-02-15 23:22:44'),
(262, 30, 'Mr. Curtis Franecki', 'Assumenda hic eum tenetur molestiae. Vitae porro atque quia iusto ipsam. Assumenda quae eum et numquam. Libero sunt sunt et qui est.', 0, '2019-02-15 23:22:44', '2019-02-15 23:22:44'),
(263, 5, 'Sophie Robel', 'Culpa reprehenderit ipsum laboriosam saepe dolorem iusto. Tempore reprehenderit eum reiciendis omnis ut. Enim aspernatur pariatur ut velit esse. Nihil perferendis qui voluptas reiciendis. Voluptate quo eveniet ab quidem nihil veniam sit fugiat.', 0, '2019-02-15 23:22:44', '2019-02-15 23:22:44'),
(264, 13, 'Dovie Watsica', 'Et suscipit fugiat omnis sed ut placeat. Ullam quod adipisci sed rerum. Quisquam explicabo et non eos qui distinctio et.', 2, '2019-02-15 23:22:44', '2019-02-15 23:22:44'),
(265, 12, 'Aditya Schmeler', 'Quia et quam at et. Numquam ullam alias est vel nemo dolore aperiam id. Tempore nulla voluptatibus repellendus. Nihil veniam quos doloremque eum.', 4, '2019-02-15 23:22:44', '2019-02-15 23:22:44'),
(266, 50, 'Ophelia VonRueden', 'Iusto in consequuntur inventore. Quod veniam enim qui repellendus saepe libero et. Aut velit et consequatur.', 0, '2019-02-15 23:22:44', '2019-02-15 23:22:44'),
(267, 30, 'Miss Syble Homenick DVM', 'Et aut et sed asperiores saepe. Qui minima nam nihil et possimus necessitatibus nulla.', 4, '2019-02-15 23:22:44', '2019-02-15 23:22:44'),
(268, 26, 'Dexter Schroeder', 'Assumenda consequuntur quisquam alias nulla est nisi. Aut et quis et quia. Voluptas eius non iste et voluptatem laborum exercitationem. Eaque quo sequi maxime doloremque.', 4, '2019-02-15 23:22:44', '2019-02-15 23:22:44'),
(269, 7, 'Mrs. Aliya Williamson', 'Assumenda nihil harum et earum maiores numquam mollitia. Corporis omnis reiciendis beatae et maiores atque quo doloremque. Saepe eveniet doloribus incidunt quas voluptatem.', 1, '2019-02-15 23:22:44', '2019-02-15 23:22:44'),
(270, 36, 'Emilia Feil', 'Fugit facere optio eos enim aperiam cum assumenda. Ut culpa excepturi voluptatum non qui architecto adipisci. Quis unde et rerum.', 3, '2019-02-15 23:22:44', '2019-02-15 23:22:44'),
(271, 35, 'Heather Yost', 'Aut qui quo voluptatum ipsam ut aut. Suscipit ut asperiores dolor at aut. Eos ea dolorum reprehenderit est.', 0, '2019-02-15 23:22:44', '2019-02-15 23:22:44'),
(272, 36, 'Matilde Hahn', 'Et laudantium et nihil sunt laboriosam sapiente atque animi. Et non veniam rem. Qui et facere magni rerum deleniti quis ab.', 0, '2019-02-15 23:22:44', '2019-02-15 23:22:44'),
(273, 42, 'Retta Walsh V', 'Maiores quae molestiae magnam non eveniet. Voluptas fugiat ut quaerat rerum magnam omnis rerum. Esse nemo quas illum ipsam enim ut neque. Iure aliquid voluptatem ratione assumenda.', 5, '2019-02-15 23:22:45', '2019-02-15 23:22:45'),
(274, 17, 'Alexis Conroy', 'Facere omnis fuga dolor perspiciatis et. Nam quos et ut. Alias eius rem nemo voluptatem. Non facilis magni sed sed aut ut.', 4, '2019-02-15 23:22:45', '2019-02-15 23:22:45'),
(275, 49, 'Alexa O\'Keefe', 'Velit magni magnam adipisci nihil nulla hic cupiditate. Id dolor voluptatem at dolore velit vitae vel. Vel omnis architecto provident dolores.', 1, '2019-02-15 23:22:45', '2019-02-15 23:22:45'),
(276, 25, 'Dr. Lois Ruecker Sr.', 'Nihil inventore minima suscipit cumque amet. Sapiente corporis perferendis dolor. Et itaque voluptate molestiae quae qui quo et.', 1, '2019-02-15 23:22:45', '2019-02-15 23:22:45'),
(277, 10, 'Mrs. Yoshiko Ryan MD', 'Officiis fuga ut voluptas iure. Error sequi fugit odit distinctio. Dolorem vitae quis eos dolorem dolore fuga laborum. Nesciunt distinctio quibusdam eligendi et molestiae sed est optio. Quia repellat ipsum et quo est suscipit molestiae adipisci.', 0, '2019-02-15 23:22:45', '2019-02-15 23:22:45'),
(278, 39, 'Major Walter', 'Qui harum sit quis vitae eveniet est esse. Qui non officia omnis sint. Ut provident velit aperiam minima perferendis asperiores dolor. Quibusdam quasi porro repellendus inventore ea.', 5, '2019-02-15 23:22:45', '2019-02-15 23:22:45'),
(279, 26, 'Jamison Reilly', 'Sit accusantium ipsum reiciendis inventore voluptas exercitationem fuga. Sapiente explicabo vero aut suscipit. Molestiae non et accusantium.', 3, '2019-02-15 23:22:45', '2019-02-15 23:22:45'),
(280, 33, 'Sylvan Ryan', 'Autem est totam et nisi aspernatur quia. Repudiandae ut officiis omnis consequatur beatae maiores. Libero repellendus deserunt eius et autem.', 3, '2019-02-15 23:22:45', '2019-02-15 23:22:45'),
(281, 41, 'Dr. Ross Gislason', 'Reiciendis repellat animi modi non. Porro amet asperiores omnis. Totam tenetur voluptatem est aut rerum non nisi. Culpa debitis exercitationem beatae repudiandae.', 4, '2019-02-15 23:22:45', '2019-02-15 23:22:45'),
(282, 40, 'Wilfrid Prosacco', 'Corporis accusamus corporis esse et molestias laboriosam qui. Iure iure rerum tenetur illum quidem facilis. Est vel qui blanditiis enim dolores.', 3, '2019-02-15 23:22:45', '2019-02-15 23:22:45'),
(283, 23, 'Ashton Gislason', 'Sed expedita quidem dolorum qui consequatur. Consectetur cum dolores illo vel tempore sit minus. Quia et illo et dolores aliquam et ullam exercitationem. Ab enim voluptatem reprehenderit.', 5, '2019-02-15 23:22:45', '2019-02-15 23:22:45'),
(284, 40, 'Lavina Koch', 'Dolor maiores aspernatur eum ut repudiandae sed debitis blanditiis. Aut incidunt incidunt repellat suscipit ut harum dolores. Magnam nobis dolores autem modi a. Quia cum qui rerum beatae porro veniam odio et.', 1, '2019-02-15 23:22:45', '2019-02-15 23:22:45'),
(285, 44, 'Shania Ferry', 'Voluptatum ipsam vel suscipit at in quam error. Nobis enim numquam autem. Velit tenetur dolorem labore totam vitae.', 5, '2019-02-15 23:22:45', '2019-02-15 23:22:45'),
(286, 28, 'Elian Waters', 'Harum alias ipsam non enim nihil culpa mollitia voluptatem. Est aut minus voluptatem consequatur sit. Quod omnis eligendi officiis voluptatem hic impedit.', 4, '2019-02-15 23:22:45', '2019-02-15 23:22:45'),
(287, 4, 'Miss Lupe Wyman', 'Commodi et qui laborum eaque ut itaque est. Officiis iure eius velit earum ea. Sapiente voluptas eligendi velit explicabo cupiditate.', 1, '2019-02-15 23:22:45', '2019-02-15 23:22:45'),
(288, 49, 'Timmy Erdman PhD', 'Vel dolor nam sunt repudiandae ipsam sapiente. Dolores ut numquam nam culpa corrupti ab rerum. Ut quia quia sed ab iure. Corrupti dolor aliquid enim in error est consequatur.', 2, '2019-02-15 23:22:45', '2019-02-15 23:22:45'),
(289, 4, 'Dr. Jaime Watsica IV', 'Enim quis et distinctio. Sit quas voluptatem pariatur quae. Dicta consequatur veniam distinctio. Ea ut et voluptate veniam.', 0, '2019-02-15 23:22:45', '2019-02-15 23:22:45'),
(290, 29, 'Colin Runolfsson', 'Doloribus deserunt dignissimos omnis ut sit. Exercitationem dolorem ipsum sed sit non quod. Magnam aliquam enim ut voluptatem. Minus aperiam ipsa ut optio.', 3, '2019-02-15 23:22:45', '2019-02-15 23:22:45'),
(291, 27, 'Forest Bode', 'Et quia eos nemo magnam iusto aut saepe. Rem numquam ducimus provident ea quibusdam eum voluptatem.', 1, '2019-02-15 23:22:45', '2019-02-15 23:22:45'),
(292, 45, 'Keshawn Lebsack', 'Eos dolores rerum qui nam in. Harum similique esse reiciendis deleniti enim. Qui vel tenetur dolorem labore totam. Earum a deleniti repudiandae officiis impedit a. Asperiores accusamus autem sed voluptatum harum illum sequi.', 5, '2019-02-15 23:22:45', '2019-02-15 23:22:45'),
(293, 45, 'Dr. Peggie Klocko IV', 'Ipsam optio minus sunt aperiam tenetur voluptatem. Laudantium corrupti qui eum magnam voluptatum. Quibusdam voluptatem esse magni recusandae corporis deserunt illum.', 3, '2019-02-15 23:22:45', '2019-02-15 23:22:45'),
(294, 22, 'Okey Parisian', 'Amet vero et similique recusandae deleniti odit iusto id. Quas aut cupiditate tenetur enim. Velit sed quisquam sed consectetur.', 4, '2019-02-15 23:22:45', '2019-02-15 23:22:45'),
(295, 38, 'Rosalinda Flatley', 'Maiores eius mollitia et libero consequatur. Ut voluptatem ullam voluptatum non atque quod mollitia. Ex modi asperiores commodi eos totam accusamus optio. Possimus iusto sint iste fugiat autem.', 3, '2019-02-15 23:22:45', '2019-02-15 23:22:45'),
(296, 1, 'Isabel Ledner', 'Ipsa voluptatem architecto similique qui. Nulla assumenda quaerat dolor ut iure suscipit. Magnam quidem fugiat et aliquid cumque. Cumque voluptate exercitationem corporis maxime vero esse ipsum blanditiis.', 3, '2019-02-15 23:22:45', '2019-02-15 23:22:45'),
(297, 7, 'Angeline Kovacek', 'Labore aut quia laborum dolores nostrum eum. Aut necessitatibus qui quia et. Laudantium maxime consequatur dolor occaecati sequi molestiae. Pariatur quo quia possimus possimus explicabo est quo.', 0, '2019-02-15 23:22:45', '2019-02-15 23:22:45'),
(298, 40, 'Andy Parisian Jr.', 'Et dolor eos amet qui odio. Consectetur consectetur voluptas enim et asperiores corrupti quasi. Inventore sed vel eos dolorem. Ducimus ut quia et minima vitae.', 4, '2019-02-15 23:22:45', '2019-02-15 23:22:45'),
(299, 27, 'Mr. Darrick Howe II', 'Quisquam consequatur nobis non quis facere soluta provident. Qui est provident odio nihil. Recusandae quis laudantium laudantium eos praesentium. Sunt labore reiciendis sunt accusamus sint adipisci maxime.', 2, '2019-02-15 23:22:46', '2019-02-15 23:22:46'),
(300, 50, 'Patsy Reynolds', 'Rem nihil quisquam ut provident maxime laboriosam porro. Voluptates voluptas laudantium rerum voluptatem rerum. Sed totam optio consectetur enim ut.', 1, '2019-02-15 23:22:46', '2019-02-15 23:22:46');

-- --------------------------------------------------------

--
-- Table structure for table `users`
--

CREATE TABLE `users` (
  `id` int(10) UNSIGNED NOT NULL,
  `name` varchar(191) COLLATE utf8mb4_unicode_ci NOT NULL,
  `email` varchar(191) COLLATE utf8mb4_unicode_ci NOT NULL,
  `email_verified_at` timestamp NULL DEFAULT NULL,
  `password` varchar(191) COLLATE utf8mb4_unicode_ci NOT NULL,
  `remember_token` varchar(100) COLLATE utf8mb4_unicode_ci DEFAULT NULL,
  `created_at` timestamp NULL DEFAULT NULL,
  `updated_at` timestamp NULL DEFAULT NULL
) ENGINE=InnoDB DEFAULT CHARSET=utf8mb4 COLLATE=utf8mb4_unicode_ci;

--
-- Dumping data for table `users`
--

INSERT INTO `users` (`id`, `name`, `email`, `email_verified_at`, `password`, `remember_token`, `created_at`, `updated_at`) VALUES
(1, 'Valentine Hahn', 'tabitha.boyle@example.org', '2019-02-15 23:22:31', '$2y$10$TKh8H1.PfQx37YgCzwiKb.KjNyWgaHb9cbcoQgdIVFlYg7B77UdFm', 'DrlKNra7cJ', '2019-02-15 23:22:31', '2019-02-15 23:22:31'),
(2, 'Mrs. Monica Frami PhD', 'lorine84@example.org', '2019-02-15 23:22:31', '$2y$10$TKh8H1.PfQx37YgCzwiKb.KjNyWgaHb9cbcoQgdIVFlYg7B77UdFm', 'Ufp2WIdgAO', '2019-02-15 23:22:31', '2019-02-15 23:22:31'),
(3, 'Dr. Gregg Zieme PhD', 'ggutmann@example.org', '2019-02-15 23:22:31', '$2y$10$TKh8H1.PfQx37YgCzwiKb.KjNyWgaHb9cbcoQgdIVFlYg7B77UdFm', 'FYcv3ohy8F', '2019-02-15 23:22:31', '2019-02-15 23:22:31'),
(4, 'Joanny Kshlerin', 'alexandre.tillman@example.com', '2019-02-15 23:22:31', '$2y$10$TKh8H1.PfQx37YgCzwiKb.KjNyWgaHb9cbcoQgdIVFlYg7B77UdFm', 'vAqiQjZFVM', '2019-02-15 23:22:31', '2019-02-15 23:22:31'),
(5, 'Korey Hermann', 'thiel.jackeline@example.org', '2019-02-15 23:22:31', '$2y$10$TKh8H1.PfQx37YgCzwiKb.KjNyWgaHb9cbcoQgdIVFlYg7B77UdFm', 'jVfRlg2uTp', '2019-02-15 23:22:31', '2019-02-15 23:22:31');

--
-- Indexes for dumped tables
--

--
-- Indexes for table `migrations`
--
ALTER TABLE `migrations`
  ADD PRIMARY KEY (`id`);

--
-- Indexes for table `password_resets`
--
ALTER TABLE `password_resets`
  ADD KEY `password_resets_email_index` (`email`);

--
-- Indexes for table `products`
--
ALTER TABLE `products`
  ADD PRIMARY KEY (`id`);

--
-- Indexes for table `reviews`
--
ALTER TABLE `reviews`
  ADD PRIMARY KEY (`id`),
  ADD KEY `reviews_product_id_index` (`product_id`);

--
-- Indexes for table `users`
--
ALTER TABLE `users`
  ADD PRIMARY KEY (`id`),
  ADD UNIQUE KEY `users_email_unique` (`email`);

--
-- AUTO_INCREMENT for dumped tables
--

--
-- AUTO_INCREMENT for table `migrations`
--
ALTER TABLE `migrations`
  MODIFY `id` int(10) UNSIGNED NOT NULL AUTO_INCREMENT, AUTO_INCREMENT=5;

--
-- AUTO_INCREMENT for table `products`
--
ALTER TABLE `products`
  MODIFY `id` int(10) UNSIGNED NOT NULL AUTO_INCREMENT, AUTO_INCREMENT=51;

--
-- AUTO_INCREMENT for table `reviews`
--
ALTER TABLE `reviews`
  MODIFY `id` int(10) UNSIGNED NOT NULL AUTO_INCREMENT, AUTO_INCREMENT=301;

--
-- AUTO_INCREMENT for table `users`
--
ALTER TABLE `users`
  MODIFY `id` int(10) UNSIGNED NOT NULL AUTO_INCREMENT, AUTO_INCREMENT=6;

--
-- Constraints for dumped tables
--

--
-- Constraints for table `reviews`
--
ALTER TABLE `reviews`
  ADD CONSTRAINT `reviews_product_id_foreign` FOREIGN KEY (`product_id`) REFERENCES `products` (`id`) ON DELETE CASCADE;
COMMIT;

/*!40101 SET CHARACTER_SET_CLIENT=@OLD_CHARACTER_SET_CLIENT */;
/*!40101 SET CHARACTER_SET_RESULTS=@OLD_CHARACTER_SET_RESULTS */;
/*!40101 SET COLLATION_CONNECTION=@OLD_COLLATION_CONNECTION */;
